net,length_um
_1112_,673.87
net33,626.13
net26,614.05
net24,582.73
net35,575.99
clknet_0_clk,573.96
net37,561.01
net39,547.45
_1803_,542.16
net38,533.8
net36,530.965
net27,520.11
net28,518.63
_0732_,512.935
net30,493.77
_0731_,487.82
_2125_,485.21
net25,473.59
net32,467.56
net29,446.565
_2589_,445.075
_0733_,436.46
_2576_,428.07
tree_instances\[0\].u_tree.rst_n,420.22
_2619_,412.91
clknet_3_4__leaf_clk,406.075
clknet_3_1__leaf_clk,405.73
clknet_3_0__leaf_clk,402.145
_2627_,401.22
clknet_3_2__leaf_clk,399.61
net34,396.76
_2122_,388.8
_2588_,386.695
_2586_,386.12
clknet_3_7__leaf_clk,376.13
_2249_,370.83
clknet_3_3__leaf_clk,364.98
clknet_3_6__leaf_clk,363.59
_1837_,362.56
_2251_,360.28
clknet_3_5__leaf_clk,350.96
_1834_,347.18
tree_instances\[0\].u_tree.frame_id_in\[4\],320.16
_2583_,316.46
_2579_,310.88
_1835_,307.7
_1826_,306.02
_1832_,305.915
net31,301.58
_2714_,298.935
_2606_,297.63
_2600_,297.475
_2610_,296.8
_2246_,295.52
_2595_,293.615
_2603_,287.18
_2582_,283.28
_1830_,271.4
_2622_,266.02
_2580_,265.735
_2585_,265.26
_2598_,264.305
_1827_,264.105
_1829_,260.84
_2578_,255.71
_2713_,252.79
_2659_,249.84
net1,236.4
_2708_,231.235
_2441_,226.36
tree_instances\[4\].u_tree.ready_for_next,199.47
_1937_,193.08
_0032_,191.64
tree_instances\[8\].u_tree.ready_for_next,191.17
_2709_,178.845
_1020_,175.12
_2222_,174.64
_0799_,172.735
_0040_,170.32
_2553_,164.9
tree_instances\[11\].u_tree.ready_for_next,162.45
_2314_,156.06
_2614_,152.18
_2133_,149
_2820_,148.56
_3116_,147.675
_2030_,147.555
_0034_,146.36
_2972_,146.14
_2798_,145.54
tree_instances\[16\].u_tree.ready_for_next,142.97
_3102_,142.52
_2575_,140.8
_0996_,136.065
_0030_,136.02
_1956_,135.28
_0004_,134.14
clk,134.03
_2679_,133.34
_2534_,132.58
_2192_,132.38
_2010_,131.19
tree_instances\[1\].u_tree.prediction_out,130.8
tree_instances\[20\].u_tree.ready_for_next,129.42
_2399_,128.76
_0008_,128.66
_2652_,128.62
tree_instances\[16\].u_tree.prediction_out,128.24
clknet_leaf_40_clk,126.48
_2631_,122.495
_0010_,121.62
_0829_,119.735
_2189_,119.015
_2636_,118.14
_0042_,117.195
_0970_,116.805
_0000_,114.82
_1000_,113.115
clknet_leaf_62_clk,110.74
tree_instances\[12\].u_tree.prediction_out,110.6
net10,109.52
net23,109.16
_0735_,108.065
_2899_,107.78
_2602_,107.44
tree_instances\[11\].u_tree.tree_state\[3\],107.18
net40,106.55
clknet_leaf_39_clk,105.88
_1136_,105.345
_0932_,105.325
_1227_,105.135
clknet_leaf_23_clk,104.54
_2727_,104.22
_1137_,104.115
_1851_,103.48
clknet_leaf_52_clk,103.38
net8,103.34
_0994_,101.54
clknet_leaf_67_clk,100.98
clknet_leaf_20_clk,100.94
_2367_,100.54
_0753_,100.415
_0737_,100.335
_0028_,100.3
_0018_,99.4
_1252_,98.94
tree_instances\[3\].u_tree.prediction_out,98.8
clknet_leaf_91_clk,98.48
_1197_,97.815
_1840_,97.7
clknet_leaf_19_clk,97.68
_1025_,97.54
_0909_,95.595
clknet_leaf_1_clk,94.92
_1023_,94.815
_0044_,94.68
_0903_,93.885
_2613_,93.82
tree_instances\[13\].u_tree.prediction_out,93.76
clknet_leaf_98_clk,92.6
_0024_,92.24
_1824_,92.22
_2071_,90.66
_0026_,90.6
_0036_,90.44
clknet_leaf_74_clk,90.28
_2414_,89.66
clknet_leaf_35_clk,89.62
clknet_leaf_7_clk,89.32
_0755_,89.19
_0016_,89.035
clknet_leaf_21_clk,88.88
_0006_,88.575
clknet_leaf_30_clk,88.52
net7,87.96
_2296_,87.9
_2255_,87.52
clknet_leaf_15_clk,87.25
clknet_leaf_61_clk,87.13
_2687_,86.9
_1945_,86.57
_0038_,85.42
_2519_,85.28
clknet_leaf_8_clk,85.02
_3035_,84.66
clknet_leaf_100_clk,84.3
_0849_,84.26
clknet_leaf_29_clk,83.7
_0020_,82.72
_2012_,82.72
clknet_leaf_84_clk,80.78
clknet_leaf_90_clk,80.5
_1114_,80.32
current_voting_frame\[0\],80.21
_2624_,78.74
clknet_leaf_83_clk,78.68
_2800_,78.28
clknet_leaf_26_clk,77.96
_0992_,77.78
clknet_leaf_34_clk,77.04
clknet_leaf_66_clk,76.94
net6,76.56
clknet_leaf_37_clk,76.06
_2738_,76.04
clknet_leaf_45_clk,75.96
tree_instances\[3\].u_tree.tree_state\[3\],74.74
_0014_,74.6
clknet_leaf_32_clk,74.46
clknet_leaf_72_clk,74.36
clknet_leaf_41_clk,73.92
clknet_leaf_11_clk,73.64
clknet_leaf_68_clk,73.44
clknet_leaf_36_clk,73.36
clknet_leaf_12_clk,72.82
clknet_leaf_5_clk,72.74
clknet_leaf_24_clk,72.7
clknet_leaf_57_clk,72.04
_0998_,71.98
_2901_,71.97
tree_instances\[5\].u_tree.ready_for_next,71.71
tree_instances\[15\].u_tree.ready_for_next,70.96
clknet_leaf_46_clk,70.88
tree_instances\[6\].u_tree.ready_for_next,69.97
clknet_leaf_96_clk,69.8
clknet_leaf_38_clk,68.8
clknet_leaf_59_clk,68.8
clknet_leaf_60_clk,68.7
clknet_leaf_10_clk,68.53
clknet_leaf_87_clk,68.44
_1018_,68.26
clknet_leaf_4_clk,68.2
_2427_,67.92
_0022_,67.84
clknet_leaf_101_clk,67.4
clknet_leaf_70_clk,66.84
clknet_leaf_94_clk,66.46
clknet_leaf_48_clk,65.735
clknet_leaf_50_clk,65.5
tree_instances\[8\].u_tree.prediction_out,65.42
clknet_leaf_27_clk,65.215
clknet_leaf_44_clk,64.94
tree_instances\[8\].u_tree.pipeline_prediction\[0\]\[0\],64.64
clknet_leaf_88_clk,64.64
_2447_,64.3
_1812_,64.18
clknet_leaf_93_clk,64
clknet_leaf_31_clk,63.54
tree_instances\[8\].u_tree.frame_id_out\[4\],63.4
tree_instances\[9\].u_tree.frame_id_out\[4\],63.34
_1804_,63.1
_3020_,62.14
clknet_leaf_86_clk,62.12
tree_instances\[8\].u_tree.tree_state\[3\],62.06
clknet_leaf_80_clk,61.44
clknet_leaf_79_clk,61.32
_2989_,61
tree_instances\[20\].u_tree.prediction_out,60.96
clknet_leaf_55_clk,60.78
clknet_leaf_73_clk,60.695
clknet_leaf_69_clk,60.6
tree_instances\[8\].u_tree.tree_state\[0\],60.57
clknet_leaf_71_clk,60.13
tree_instances\[3\].u_tree.ready_for_next,59.96
tree_instances\[14\].u_tree.frame_id_out\[4\],59.38
_2772_,59.02
clknet_leaf_92_clk,58.38
clknet_leaf_81_clk,58.24
_2231_,58.2
clknet_leaf_9_clk,58.14
clknet_leaf_2_clk,58.06
_1816_,57.96
net21,57.2
clknet_leaf_17_clk,56.88
clknet_leaf_102_clk,56.68
tree_instances\[10\].u_tree.prediction_out,56.64
clknet_leaf_77_clk,54.8
clknet_leaf_22_clk,54.72
clknet_leaf_76_clk,54.52
clknet_leaf_6_clk,54.06
clknet_leaf_42_clk,54.06
tree_instances\[6\].u_tree.frame_id_out\[4\],53.92
current_voting_frame\[3\],53.48
clknet_leaf_51_clk,52.62
clknet_leaf_78_clk,52.14
_0943_,51.9
clknet_leaf_53_clk,51.04
_2780_,50.96
tree_instances\[18\].u_tree.frame_id_out\[4\],50.76
tree_instances\[8\].u_tree.frame_id_out\[3\],50.68
_2171_,50.47
clknet_leaf_33_clk,50.375
_2518_,50.12
_2810_,50.12
tree_instances\[14\].u_tree.ready_for_next,49.86
clknet_leaf_65_clk,48.52
_2764_,48.44
clknet_leaf_99_clk,48.24
net17,47.8
_2591_,47.78
clknet_leaf_54_clk,47.28
clknet_leaf_49_clk,47.2
clknet_leaf_82_clk,46.54
_0861_,46.5
tree_instances\[17\].u_tree.frame_id_out\[4\],46.5
clknet_leaf_18_clk,46.49
tree_instances\[8\].u_tree.frame_id_out\[2\],46.455
tree_instances\[5\].u_tree.pipeline_current_node\[0\]\[7\],46.06
tree_instances\[5\].u_tree.prediction_out,45.88
_2645_,45.82
clknet_leaf_56_clk,45.34
tree_instances\[20\].u_tree.frame_id_out\[4\],44.94
tree_instances\[12\].u_tree.frame_id_out\[4\],44.84
_0027_,44.78
net12,44.6
clknet_leaf_25_clk,44.52
_1818_,44.48
clknet_leaf_64_clk,44.34
clknet_leaf_13_clk,44.24
clknet_leaf_16_clk,43.92
clknet_leaf_43_clk,43.48
tree_instances\[18\].u_tree.frame_id_out\[2\],43.4
clknet_leaf_28_clk,43.34
_1245_,43.3
tree_instances\[16\].u_tree.tree_state\[2\],43.22
clknet_leaf_63_clk,43.22
_0756_,43.06
_2799_,43
tree_instances\[10\].u_tree.ready_for_next,42.86
tree_instances\[20\].u_tree.u_tree_weight_rom.cached_addr\[0\],42.82
_1134_,42.74
_0850_,42.73
tree_instances\[17\].u_tree.frame_id_out\[3\],42.72
tree_instances\[20\].u_tree.pipeline_current_node\[0\]\[7\],42.6
tree_instances\[3\].u_tree.u_tree_weight_rom.cached_addr\[1\],42.25
tree_instances\[16\].u_tree.frame_id_out\[4\],42.12
_1036_,42.04
tree_instances\[3\].u_tree.pipeline_current_node\[0\]\[5\],41.9
clknet_leaf_85_clk,41.7
clknet_leaf_97_clk,41.64
_1165_,41.5
attack_votes\[0\],41.46
tree_instances\[4\].u_tree.tree_state\[3\],41.12
tree_instances\[13\].u_tree.tree_state\[1\],40.9
tree_instances\[10\].u_tree.tree_state\[0\],40.86
_2003_,40.84
tree_instances\[19\].u_tree.frame_id_out\[0\],40.82
tree_instances\[16\].u_tree.tree_state\[0\],40.75
tree_instances\[5\].u_tree.pipeline_current_node\[0\]\[4\],40.54
clknet_leaf_47_clk,40.52
tree_instances\[8\].u_tree.tree_state\[1\],40.49
_2813_,40.22
_1045_,39.98
tree_instances\[19\].u_tree.frame_id_out\[3\],39.98
_2818_,39.9
_1724_,39.62
_2900_,39.48
_2959_,39.38
tree_instances\[5\].u_tree.tree_state\[0\],39.32
current_voting_frame\[1\],39.28
_2763_,39.26
state\[0\],38.94
clknet_leaf_95_clk,38.94
tree_instances\[17\].u_tree.ready_for_next,38.93
_0868_,38.46
_0072_,38.44
tree_instances\[8\].u_tree.pipeline_current_node\[0\]\[7\],38.44
tree_instances\[18\].u_tree.frame_id_out\[3\],38.14
_2635_,38.04
tree_instances\[6\].u_tree.frame_id_out\[0\],37.92
tree_instances\[3\].u_tree.tree_state\[0\],37.83
attack_votes\[1\],37.62
net22,37.6
tree_instances\[8\].u_tree.tree_state\[2\],37.59
net9,37.56
tree_instances\[15\].u_tree.frame_id_out\[4\],37.42
_1807_,37.34
tree_instances\[0\].u_tree.frame_id_out\[4\],37.27
tree_instances\[1\].u_tree.u_tree_weight_rom.cached_addr\[7\],37.08
_1014_,36.92
tree_instances\[1\].u_tree.frame_id_out\[4\],36.82
tree_instances\[5\].u_tree.u_tree_weight_rom.cached_addr\[2\],36.8
_0840_,36.78
clknet_leaf_14_clk,36.62
_2169_,36.52
tree_instances\[19\].u_tree.frame_id_out\[2\],36.5
tree_instances\[16\].u_tree.frame_id_out\[3\],36.43
tree_instances\[15\].u_tree.frame_id_out\[0\],36.3
tree_instances\[3\].u_tree.pipeline_current_node\[0\]\[6\],36.14
_0867_,35.94
_2577_,35.8
tree_instances\[13\].u_tree.frame_id_out\[4\],35.46
_0074_,35.38
tree_instances\[17\].u_tree.frame_id_out\[0\],35.35
tree_instances\[12\].u_tree.frame_id_out\[3\],35.32
tree_instances\[10\].u_tree.frame_id_out\[1\],35.08
_1685_,35.06
tree_instances\[9\].u_tree.ready_for_next,34.84
_1216_,34.79
tree_instances\[0\].u_tree.ready_for_next,34.68
tree_instances\[10\].u_tree.u_tree_weight_rom.cached_addr\[6\],34.64
_0770_,34.58
_1198_,34.55
tree_instances\[15\].u_tree.frame_id_out\[2\],34.46
tree_instances\[13\].u_tree.frame_id_out\[1\],34.295
tree_instances\[12\].u_tree.frame_id_out\[1\],34.22
_2517_,34.16
tree_instances\[16\].u_tree.pipeline_current_node\[0\]\[3\],34.16
tree_instances\[15\].u_tree.frame_id_out\[3\],34.12
_1809_,34.04
tree_instances\[14\].u_tree.frame_id_out\[3\],34.02
tree_instances\[10\].u_tree.frame_id_out\[4\],34
tree_instances\[3\].u_tree.pipeline_current_node\[0\]\[4\],34
tree_instances\[12\].u_tree.u_tree_weight_rom.cached_addr\[5\],33.93
tree_instances\[10\].u_tree.u_tree_weight_rom.cached_addr\[7\],33.78
clknet_leaf_58_clk,33.74
_1176_,33.72
tree_instances\[20\].u_tree.frame_id_out\[0\],33.72
tree_instances\[12\].u_tree.pipeline_current_node\[0\]\[7\],33.62
_1814_,33.48
tree_instances\[10\].u_tree.pipeline_current_node\[0\]\[3\],33.48
_1801_,33.4
tree_instances\[3\].u_tree.tree_state\[1\],33.3
tree_instances\[7\].u_tree.frame_id_out\[2\],33.26
_0987_,33.18
clknet_leaf_3_clk,33.18
_0937_,33.04
_0894_,32.84
_1808_,32.84
tree_instances\[19\].u_tree.frame_id_out\[1\],32.7
tree_instances\[10\].u_tree.tree_state\[3\],32.58
tree_instances\[5\].u_tree.tree_state\[1\],32.41
_1997_,32.35
_0830_,32.34
_1194_,32.28
_2532_,32.275
_0060_,32.14
_1817_,31.88
tree_instances\[20\].u_tree.node_data\[12\],31.82
tree_instances\[5\].u_tree.node_data\[107\],31.82
_3101_,31.74
tree_instances\[1\].u_tree.u_tree_weight_rom.cached_addr\[5\],31.74
tree_instances\[20\].u_tree.frame_id_out\[3\],31.66
_2890_,31.44
tree_instances\[16\].u_tree.pipeline_current_node\[0\]\[7\],31.34
tree_instances\[10\].u_tree.pipeline_current_node\[0\]\[7\],31.16
tree_instances\[16\].u_tree.pipeline_current_node\[0\]\[6\],30.83
_2099_,30.76
_0965_,30.68
_2465_,30.56
_2221_,30.52
_0771_,30.24
tree_instances\[3\].u_tree.pipeline_current_node\[0\]\[3\],30.24
_2671_,30.18
tree_instances\[1\].u_tree.frame_id_out\[0\],30.12
net2,29.9
tree_instances\[10\].u_tree.pipeline_current_node\[0\]\[6\],29.88
_1247_,29.8
tree_instances\[20\].u_tree.pipeline_current_node\[0\]\[5\],29.8
_1813_,29.78
tree_instances\[12\].u_tree.tree_state\[2\],29.7
_2816_,29.68
tree_instances\[3\].u_tree.u_tree_weight_rom.cached_addr\[6\],29.64
_2605_,29.58
tree_instances\[1\].u_tree.u_tree_weight_rom.cached_addr\[6\],29.54
tree_instances\[6\].u_tree.tree_state\[3\],29.52
_1686_,29.48
_2821_,29.48
tree_instances\[10\].u_tree.u_tree_weight_rom.cached_addr\[3\],29.48
tree_instances\[3\].u_tree.pipeline_current_node\[0\]\[0\],29.4
_2131_,29.32
tree_instances\[8\].u_tree.frame_id_out\[1\],29.32
tree_instances\[1\].u_tree.tree_state\[1\],29.18
tree_instances\[10\].u_tree.tree_state\[1\],29.16
_3004_,29
_2593_,28.96
tree_instances\[5\].u_tree.tree_state\[3\],28.86
clknet_leaf_0_clk,28.86
_1169_,28.82
tree_instances\[0\].u_tree.tree_state\[3\],28.82
tree_instances\[5\].u_tree.pipeline_current_node\[0\]\[8\],28.78
tree_instances\[16\].u_tree.pipeline_current_node\[0\]\[2\],28.76
tree_instances\[13\].u_tree.tree_state\[0\],28.69
tree_instances\[1\].u_tree.read_enable,28.62
_2711_,28.5
tree_instances\[5\].u_tree.pipeline_current_node\[0\]\[1\],28.48
_0017_,28.36
_1049_,28.36
tree_instances\[8\].u_tree.pipeline_current_node\[0\]\[2\],28.21
_1850_,28.18
tree_instances\[20\].u_tree.tree_state\[1\],28.05
_1811_,28.04
_1825_,28.04
tree_instances\[5\].u_tree.frame_id_out\[4\],27.98
tree_instances\[20\].u_tree.pipeline_current_node\[0\]\[6\],27.94
tree_instances\[20\].u_tree.frame_id_out\[1\],27.935
_1189_,27.9
_2690_,27.76
tree_instances\[16\].u_tree.tree_state\[1\],27.66
tree_instances\[2\].u_tree.frame_id_out\[2\],27.66
tree_instances\[10\].u_tree.frame_id_out\[3\],27.64
tree_instances\[16\].u_tree.frame_id_out\[2\],27.62
tree_instances\[16\].u_tree.u_tree_weight_rom.cached_addr\[3\],27.62
tree_instances\[16\].u_tree.frame_id_out\[0\],27.56
tree_instances\[12\].u_tree.tree_state\[0\],27.53
clknet_leaf_89_clk,27.5
tree_instances\[0\].u_tree.frame_id_out\[1\],27.44
tree_instances\[12\].u_tree.read_enable,27.18
_1157_,27.04
_0902_,27.02
tree_instances\[7\].u_tree.frame_id_out\[4\],26.88
_1810_,26.86
tree_instances\[12\].u_tree.pipeline_current_node\[0\]\[3\],26.86
net11,26.78
_2178_,26.72
_0800_,26.62
tree_instances\[5\].u_tree.u_tree_weight_rom.cached_addr\[6\],26.6
tree_instances\[12\].u_tree.node_data\[12\],26.44
tree_instances\[2\].u_tree.frame_id_out\[3\],26.4
_1322_,26.34
tree_instances\[5\].u_tree.tree_state\[2\],26.3
_2173_,26.26
tree_instances\[7\].u_tree.tree_state\[3\],26.135
_1781_,25.98
_3005_,25.92
_3034_,25.9
_2182_,25.89
tree_instances\[1\].u_tree.u_tree_weight_rom.cache_valid,25.86
_1957_,25.78
_2937_,25.64
_1820_,25.62
_2728_,25.6
tree_instances\[13\].u_tree.frame_id_out\[2\],25.6
tree_instances\[1\].u_tree.u_tree_weight_rom.cached_addr\[2\],25.59
tree_instances\[3\].u_tree.frame_id_out\[4\],25.56
_0742_,25.48
tree_instances\[3\].u_tree.frame_id_out\[0\],25.42
tree_instances\[5\].u_tree.u_tree_weight_rom.cached_addr\[0\],25.42
tree_instances\[17\].u_tree.tree_state\[0\],25.23
tree_instances\[10\].u_tree.u_tree_weight_rom.cached_addr\[1\],25.18
tree_instances\[12\].u_tree.tree_state\[1\],25.03
tree_instances\[11\].u_tree.pipeline_frame_id\[0\]\[0\],24.88
_2825_,24.86
tree_instances\[16\].u_tree.pipeline_current_node\[0\]\[0\],24.74
_1897_,24.68
_2360_,24.68
tree_instances\[16\].u_tree.tree_state\[3\],24.56
_2967_,24.52
_2172_,24.5
_2185_,24.5
current_voting_frame\[4\],24.5
tree_instances\[20\].u_tree.u_tree_weight_rom.cached_data\[12\],24.5
tree_instances\[3\].u_tree.u_tree_weight_rom.cached_addr\[3\],24.5
tree_instances\[8\].u_tree.u_tree_weight_rom.cached_addr\[2\],24.495
_1908_,24.46
_2008_,24.42
tree_instances\[1\].u_tree.tree_state\[0\],24.31
_0046_,24.26
_2244_,24.22
_1164_,24.18
_2348_,24.165
_0839_,24.12
tree_instances\[20\].u_tree.tree_state\[0\],24.11
tree_instances\[13\].u_tree.tree_state\[3\],24
_2533_,23.88
_1917_,23.84
tree_instances\[1\].u_tree.tree_state\[3\],23.84
_0836_,23.8
_0961_,23.7
tree_instances\[5\].u_tree.frame_id_out\[2\],23.64
tree_instances\[14\].u_tree.tree_state\[0\],23.57
tree_instances\[0\].u_tree.frame_id_out\[2\],23.54
_1046_,23.52
tree_instances\[10\].u_tree.u_tree_weight_rom.cached_addr\[4\],23.52
tree_instances\[10\].u_tree.frame_id_out\[0\],23.5
tree_instances\[16\].u_tree.read_enable,23.46
_1100_,23.44
tree_instances\[9\].u_tree.frame_id_out\[0\],23.44
tree_instances\[18\].u_tree.frame_id_out\[0\],23.375
_2443_,23.3
_1784_,23.28
_2939_,23.26
_1581_,23.18
_2550_,23.1
_2882_,23.08
tree_instances\[12\].u_tree.u_tree_weight_rom.cache_valid,23.08
tree_instances\[2\].u_tree.frame_id_out\[4\],23.04
tree_instances\[6\].u_tree.frame_id_out\[3\],23
tree_instances\[12\].u_tree.u_tree_weight_rom.cached_addr\[4\],22.985
tree_instances\[20\].u_tree.u_tree_weight_rom.cached_addr\[2\],22.955
_2748_,22.92
_2365_,22.84
_1250_,22.82
_0933_,22.8
_1187_,22.72
_2347_,22.705
_2091_,22.7
complete_votes\[3\],22.64
tree_instances\[13\].u_tree.pipeline_current_node\[0\]\[0\],22.64
_0746_,22.58
tree_instances\[16\].u_tree.node_data\[12\],22.46
tree_instances\[6\].u_tree.frame_id_out\[2\],22.46
tree_instances\[20\].u_tree.pipeline_current_node\[0\]\[0\],22.24
_0891_,22.22
tree_instances\[11\].u_tree.prediction_valid,22.22
tree_instances\[17\].u_tree.frame_id_out\[1\],22.2
_2450_,22.14
tree_instances\[9\].u_tree.frame_id_out\[3\],22.14
tree_instances\[3\].u_tree.u_tree_weight_rom.cached_addr\[4\],22.1
tree_instances\[13\].u_tree.pipeline_current_node\[0\]\[6\],22.08
_0052_,21.88
_2646_,21.8
tree_instances\[14\].u_tree.frame_id_out\[0\],21.74
_0031_,21.7
_0056_,21.7
tree_instances\[16\].u_tree.u_tree_weight_rom.cache_valid,21.7
_0945_,21.68
tree_instances\[4\].u_tree.frame_id_out\[4\],21.68
_1822_,21.54
tree_instances\[16\].u_tree.u_tree_weight_rom.cached_addr\[0\],21.54
tree_instances\[8\].u_tree.node_data\[12\],21.51
tree_instances\[12\].u_tree.tree_state\[3\],21.42
tree_instances\[12\].u_tree.pipeline_prediction\[0\]\[0\],21.34
tree_instances\[20\].u_tree.pipeline_current_node\[0\]\[4\],21.34
_1240_,21.26
_2175_,21.12
_2729_,21.1
_0950_,21.08
tree_instances\[1\].u_tree.u_tree_weight_rom.cached_addr\[4\],21.08
_1195_,21.02
tree_instances\[2\].u_tree.pipeline_frame_id\[0\]\[4\],20.94
_2988_,20.92
_2570_,20.86
tree_instances\[11\].u_tree.pipeline_frame_id\[0\]\[3\],20.86
tree_instances\[16\].u_tree.u_tree_weight_rom.gen_tree_16.u_tree_rom.node_data\[12\],20.86
_1725_,20.8
_1140_,20.78
tree_instances\[12\].u_tree.pipeline_frame_id\[0\]\[2\],20.76
tree_instances\[18\].u_tree.frame_id_out\[1\],20.755
_2492_,20.7
tree_instances\[6\].u_tree.pipeline_frame_id\[0\]\[2\],20.68
_1673_,20.62
_2514_,20.62
tree_instances\[10\].u_tree.u_tree_weight_rom.gen_tree_10.u_tree_rom.node_data\[12\],20.58
tree_instances\[11\].u_tree.frame_id_out\[0\],20.58
_0827_,20.54
_0977_,20.52
_2045_,20.52
tree_instances\[10\].u_tree.read_enable,20.46
tree_instances\[3\].u_tree.pipeline_prediction\[0\]\[0\],20.42
_0833_,20.4
_0793_,20.36
tree_instances\[7\].u_tree.tree_state\[0\],20.35
_0924_,20.32
tree_instances\[19\].u_tree.ready_for_next,20.31
tree_instances\[8\].u_tree.pipeline_current_node\[0\]\[3\],20.28
_0789_,20.24
tree_instances\[1\].u_tree.node_data\[12\],20.225
_2499_,20.22
tree_instances\[17\].u_tree.tree_state\[3\],20.2
tree_instances\[0\].u_tree.frame_id_out\[0\],20.18
tree_instances\[0\].u_tree.frame_id_out\[3\],20.175
_2623_,20.12
tree_instances\[11\].u_tree.pipeline_frame_id\[0\]\[2\],20.12
tree_instances\[17\].u_tree.tree_state\[1\],20.1
_0009_,20.06
complete_votes\[2\],20.06
_3083_,19.96
tree_instances\[13\].u_tree.u_tree_weight_rom.cached_addr\[4\],19.92
_0967_,19.88
_1067_,19.88
tree_instances\[13\].u_tree.prediction_valid,19.86
tree_instances\[13\].u_tree.u_tree_weight_rom.cached_addr\[0\],19.84
_0792_,19.82
tree_instances\[3\].u_tree.node_data\[107\],19.8
_0878_,19.78
_2510_,19.74
_2275_,19.66
tree_instances\[8\].u_tree.frame_id_out\[0\],19.63
tree_instances\[9\].u_tree.pipeline_valid\[0\],19.62
tree_instances\[2\].u_tree.pipeline_current_node\[0\]\[7\],19.58
_0837_,19.56
_2170_,19.515
_2355_,19.42
_2888_,19.38
_3057_,19.38
_1774_,19.34
_2994_,19.28
tree_instances\[14\].u_tree.pipeline_frame_id\[0\]\[2\],19.26
_1072_,19.24
tree_instances\[7\].u_tree.frame_id_out\[3\],19.24
tree_instances\[13\].u_tree.pipeline_current_node\[0\]\[5\],19.22
_0865_,19.2
tree_instances\[15\].u_tree.tree_state\[0\],19.2
_0828_,19.14
tree_instances\[16\].u_tree.frame_id_out\[1\],19.14
tree_instances\[13\].u_tree.node_data\[12\],19.13
tree_instances\[16\].u_tree.pipeline_prediction\[0\]\[0\],19.12
tree_instances\[6\].u_tree.frame_id_out\[1\],19.12
tree_instances\[10\].u_tree.u_tree_weight_rom.cached_addr\[0\],19.08
tree_instances\[19\].u_tree.tree_state\[3\],19.06
tree_instances\[3\].u_tree.u_tree_weight_rom.gen_tree_3.u_tree_rom.node_data\[107\],19.06
_2753_,19
_1183_,18.98
tree_instances\[20\].u_tree.tree_state\[3\],18.98
_2941_,18.96
_1819_,18.9
_1775_,18.88
_2458_,18.86
_1121_,18.82
_1792_,18.82
tree_instances\[0\].u_tree.tree_state\[0\],18.8
tree_instances\[8\].u_tree.current_node_data\[12\],18.8
tree_instances\[7\].u_tree.ready_for_next,18.79
_1248_,18.78
tree_instances\[5\].u_tree.frame_id_out\[1\],18.74
tree_instances\[16\].u_tree.pipeline_frame_id\[0\]\[4\],18.7
_1117_,18.68
tree_instances\[13\].u_tree.u_tree_weight_rom.cached_addr\[1\],18.66
_2352_,18.64
tree_instances\[19\].u_tree.pipeline_frame_id\[0\]\[1\],18.62
tree_instances\[12\].u_tree.u_tree_weight_rom.cached_addr\[7\],18.56
_1162_,18.52
_0757_,18.46
tree_instances\[16\].u_tree.u_tree_weight_rom.cached_addr\[7\],18.36
tree_instances\[18\].u_tree.tree_state\[3\],18.36
tree_instances\[5\].u_tree.pipeline_current_node\[0\]\[6\],18.32
tree_instances\[8\].u_tree.prediction_valid,18.32
tree_instances\[11\].u_tree.frame_id_out\[4\],18.3
tree_instances\[9\].u_tree.frame_id_out\[1\],18.25
tree_instances\[13\].u_tree.pipeline_current_node\[0\]\[4\],18.2
_0885_,18.18
_1340_,18.18
tree_instances\[4\].u_tree.frame_id_out\[2\],18.17
_2167_,18.16
tree_instances\[13\].u_tree.u_tree_weight_rom.cached_addr\[3\],18.12
tree_instances\[2\].u_tree.pipeline_current_node\[0\]\[1\],18.12
_2650_,18.1
tree_instances\[18\].u_tree.pipeline_current_node\[0\]\[1\],18.1
_0870_,18.08
_1223_,18.08
_1884_,18.02
tree_instances\[5\].u_tree.u_tree_weight_rom.cached_addr\[1\],18
_2445_,17.98
_2726_,17.94
_1179_,17.9
tree_instances\[2\].u_tree.pipeline_valid\[0\],17.9
_1355_,17.86
_2998_,17.86
_1967_,17.82
_2004_,17.82
tree_instances\[5\].u_tree.pipeline_frame_id\[0\]\[4\],17.82
_1346_,17.78
tree_instances\[13\].u_tree.pipeline_frame_id\[0\]\[3\],17.78
_1460_,17.76
_1143_,17.74
_2349_,17.675
tree_instances\[0\].u_tree.pipeline_frame_id\[0\]\[0\],17.64
tree_instances\[7\].u_tree.frame_id_out\[1\],17.64
tree_instances\[0\].u_tree.tree_state\[1\],17.62
_3082_,17.6
tree_instances\[20\].u_tree.u_tree_weight_rom.cached_addr\[6\],17.58
_1989_,17.56
tree_instances\[16\].u_tree.pipeline_valid\[0\],17.54
tree_instances\[2\].u_tree.pipeline_current_node\[0\]\[4\],17.48
_1041_,17.46
_1009_,17.44
_1127_,17.42
_1409_,17.36
_2132_,17.32
tree_instances\[6\].u_tree.pipeline_frame_id\[0\]\[3\],17.3
_0821_,17.24
_1022_,17.24
tree_instances\[11\].u_tree.frame_id_out\[1\],17.22
_0754_,17.18
_1471_,17.18
tree_instances\[17\].u_tree.pipeline_valid\[0\],17.18
tree_instances\[8\].u_tree.pipeline_frame_id\[0\]\[1\],17.16
tree_instances\[12\].u_tree.frame_id_out\[2\],17.14
tree_instances\[10\].u_tree.pipeline_prediction\[0\]\[0\],17.12
tree_instances\[15\].u_tree.frame_id_out\[1\],17.1
tree_instances\[1\].u_tree.pipeline_prediction\[0\]\[0\],17.1
tree_instances\[1\].u_tree.ready_for_next,17.09
_3010_,17.08
tree_instances\[13\].u_tree.u_tree_weight_rom.cached_addr\[2\],17.06
tree_instances\[8\].u_tree.read_enable,17.06
_1935_,17.02
_2885_,17.02
_0877_,16.92
_2938_,16.92
tree_instances\[15\].u_tree.tree_state\[1\],16.82
_2029_,16.8
_3003_,16.78
_0915_,16.76
attack_votes\[2\],16.76
tree_instances\[18\].u_tree.ready_for_next,16.75
_2873_,16.74
tree_instances\[20\].u_tree.u_tree_weight_rom.gen_tree_20.u_tree_rom.node_data\[12\],16.74
_1778_,16.72
tree_instances\[20\].u_tree.pipeline_frame_id\[0\]\[4\],16.72
_1445_,16.7
_1691_,16.7
tree_instances\[5\].u_tree.pipeline_current_node\[0\]\[5\],16.7
_2011_,16.68
tree_instances\[19\].u_tree.pipeline_frame_id\[0\]\[4\],16.66
_2330_,16.64
tree_instances\[18\].u_tree.pipeline_current_node\[0\]\[2\],16.62
_2683_,16.6
tree_instances\[20\].u_tree.u_tree_weight_rom.cached_addr\[3\],16.6
tree_instances\[1\].u_tree.frame_id_out\[3\],16.56
tree_instances\[20\].u_tree.frame_id_out\[2\],16.54
_0070_,16.5
_0745_,16.48
tree_instances\[13\].u_tree.u_tree_weight_rom.cached_addr\[6\],16.48
tree_instances\[5\].u_tree.u_tree_weight_rom.cached_addr\[5\],16.48
tree_instances\[13\].u_tree.pipeline_frame_id\[0\]\[0\],16.46
_0011_,16.45
_0788_,16.44
_2745_,16.44
_2893_,16.44
_2462_,16.4
_1461_,16.36
_1607_,16.36
_0758_,16.34
tree_instances\[11\].u_tree.pipeline_current_node\[0\]\[5\],16.34
_1147_,16.32
tree_instances\[2\].u_tree.frame_id_out\[0\],16.32
_0809_,16.31
tree_instances\[10\].u_tree.u_tree_weight_rom.cached_addr\[2\],16.3
tree_instances\[13\].u_tree.pipeline_prediction\[0\]\[0\],16.26
tree_instances\[9\].u_tree.pipeline_frame_id\[0\]\[3\],16.26
_2855_,16.24
net20,16.24
_0041_,16.22
tree_instances\[8\].u_tree.pipeline_frame_id\[0\]\[2\],16.22
_2179_,16.2
tree_instances\[20\].u_tree.pipeline_current_node\[0\]\[2\],16.18
tree_instances\[14\].u_tree.pipeline_current_node\[0\]\[1\],16.14
_2006_,16.06
tree_instances\[7\].u_tree.frame_id_out\[0\],16.04
_1212_,16.02
tree_instances\[14\].u_tree.prediction_valid,16.01
_1713_,15.98
tree_instances\[19\].u_tree.pipeline_frame_id\[0\]\[2\],15.96
_0925_,15.94
_2000_,15.94
tree_instances\[20\].u_tree.pipeline_prediction\[0\]\[0\],15.94
tree_instances\[20\].u_tree.read_enable,15.94
net5,15.94
tree_instances\[4\].u_tree.tree_state\[2\],15.88
tree_instances\[13\].u_tree.u_tree_weight_rom.cached_addr\[5\],15.8
tree_instances\[16\].u_tree.pipeline_frame_id\[0\]\[1\],15.8
tree_instances\[20\].u_tree.pipeline_frame_id\[0\]\[2\],15.8
_1221_,15.76
tree_instances\[16\].u_tree.u_tree_weight_rom.cached_addr\[4\],15.74
_1658_,15.72
_1383_,15.64
tree_instances\[14\].u_tree.pipeline_frame_id\[0\]\[1\],15.64
_0715_,15.62
tree_instances\[0\].u_tree.tree_state\[2\],15.6
tree_instances\[15\].u_tree.pipeline_valid\[0\],15.6
_2733_,15.5
tree_instances\[3\].u_tree.pipeline_current_node\[0\]\[1\],15.5
tree_instances\[12\].u_tree.pipeline_frame_id\[0\]\[0\],15.46
_2129_,15.44
complete_votes\[0\],15.44
tree_instances\[12\].u_tree.u_tree_weight_rom.cached_addr\[0\],15.42
_0709_,15.41
tree_instances\[9\].u_tree.tree_state\[0\],15.41
_0963_,15.38
tree_instances\[5\].u_tree.pipeline_frame_id\[0\]\[0\],15.36
_0050_,15.34
tree_instances\[10\].u_tree.u_tree_weight_rom.cached_data\[12\],15.24
tree_instances\[20\].u_tree.u_tree_weight_rom.cached_addr\[4\],15.24
tree_instances\[2\].u_tree.tree_state\[1\],15.24
_2310_,15.18
_2449_,15.16
_1944_,15.14
tree_instances\[10\].u_tree.node_data\[12\],15.14
tree_instances\[20\].u_tree.pipeline_frame_id\[0\]\[3\],15.14
tree_instances\[8\].u_tree.pipeline_frame_id\[0\]\[3\],15.14
_2896_,15.1
tree_instances\[10\].u_tree.pipeline_frame_id\[0\]\[3\],15.1
tree_instances\[1\].u_tree.pipeline_valid\[0\],15.1
net42,15.1
_2997_,15.08
tree_instances\[10\].u_tree.pipeline_frame_id\[0\]\[2\],15.06
tree_instances\[8\].u_tree.u_tree_weight_rom.cached_addr\[1\],15.03
tree_instances\[12\].u_tree.pipeline_current_node\[0\]\[4\],15.02
_0926_,15
_2027_,15
tree_instances\[5\].u_tree.pipeline_frame_id\[0\]\[3\],15
_1184_,14.96
_0908_,14.92
_2947_,14.92
_0951_,14.9
_3100_,14.88
tree_instances\[14\].u_tree.pipeline_valid\[0\],14.88
tree_instances\[8\].u_tree.u_tree_weight_rom.cache_valid,14.88
_2839_,14.84
tree_instances\[11\].u_tree.pipeline_valid\[0\],14.84
tree_instances\[5\].u_tree.frame_id_out\[3\],14.84
_1881_,14.8
_2637_,14.76
tree_instances\[10\].u_tree.tree_state\[2\],14.72
tree_instances\[7\].u_tree.pipeline_valid\[0\],14.72
tree_instances\[7\].u_tree.pipeline_frame_id\[0\]\[0\],14.7
_1323_,14.66
_0898_,14.64
_0013_,14.62
_1069_,14.58
tree_instances\[3\].u_tree.pipeline_frame_id\[0\]\[4\],14.58
_0082_,14.54
tree_instances\[3\].u_tree.u_tree_weight_rom.cache_valid,14.54
tree_instances\[5\].u_tree.u_tree_weight_rom.gen_tree_5.u_tree_rom.node_data\[107\],14.54
_1496_,14.52
_1992_,14.48
_2689_,14.48
_2183_,14.46
tree_instances\[10\].u_tree.frame_id_out\[2\],14.46
tree_instances\[1\].u_tree.pipeline_frame_id\[0\]\[2\],14.46
_1604_,14.42
tree_instances\[13\].u_tree.frame_id_out\[0\],14.42
tree_instances\[11\].u_tree.tree_state\[0\],14.41
_1669_,14.4
tree_instances\[3\].u_tree.pipeline_frame_id\[0\]\[1\],14.36
_0990_,14.34
_1191_,14.34
_2048_,14.34
tree_instances\[13\].u_tree.pipeline_current_node\[0\]\[2\],14.34
tree_instances\[4\].u_tree.pipeline_valid\[0\],14.32
_2426_,14.3
_3051_,14.3
tree_instances\[20\].u_tree.u_tree_weight_rom.cache_valid,14.3
_1800_,14.26
tree_instances\[5\].u_tree.frame_id_out\[0\],14.24
_2641_,14.22
_3081_,14.2
tree_instances\[2\].u_tree.pipeline_frame_id\[0\]\[0\],14.16
tree_instances\[2\].u_tree.pipeline_frame_id\[0\]\[3\],14.16
_1796_,14.14
_0875_,14.12
_2993_,14.09
tree_instances\[10\].u_tree.pipeline_valid\[0\],14.06
_1058_,14.04
tree_instances\[3\].u_tree.pipeline_current_node\[0\]\[7\],14.02
_0958_,13.98
tree_instances\[15\].u_tree.tree_state\[3\],13.98
_0035_,13.96
_1050_,13.96
_3001_,13.96
_3115_,13.96
_2117_,13.92
_2599_,13.92
_2573_,13.9
_2894_,13.88
tree_instances\[2\].u_tree.pipeline_current_node\[0\]\[6\],13.88
tree_instances\[8\].u_tree.pipeline_frame_id\[0\]\[4\],13.88
_1062_,13.86
_1907_,13.84
tree_instances\[12\].u_tree.pipeline_frame_id\[0\]\[1\],13.84
tree_instances\[13\].u_tree.frame_id_out\[3\],13.84
tree_instances\[9\].u_tree.pipeline_frame_id\[0\]\[0\],13.8
tree_instances\[16\].u_tree.prediction_valid,13.76
_1034_,13.68
tree_instances\[17\].u_tree.pipeline_current_node\[0\]\[7\],13.68
tree_instances\[1\].u_tree.pipeline_frame_id\[0\]\[0\],13.68
_0062_,13.66
_2491_,13.66
_2626_,13.66
_1722_,13.62
_3000_,13.62
tree_instances\[1\].u_tree.prediction_valid,13.62
tree_instances\[13\].u_tree.read_enable,13.6
_2093_,13.56
_0068_,13.54
_0162_,13.54
_1694_,13.54
_2313_,13.54
state\[1\],13.54
tree_instances\[20\].u_tree.pipeline_current_node\[0\]\[3\],13.54
_2990_,13.5
tree_instances\[10\].u_tree.pipeline_frame_id\[0\]\[1\],13.5
tree_instances\[17\].u_tree.pipeline_frame_id\[0\]\[2\],13.44
_2792_,13.42
tree_instances\[0\].u_tree.pipeline_frame_id\[0\]\[3\],13.42
tree_instances\[4\].u_tree.frame_id_out\[0\],13.42
tree_instances\[18\].u_tree.pipeline_frame_id\[0\]\[0\],13.4
tree_instances\[7\].u_tree.pipeline_frame_id\[0\]\[3\],13.34
_2176_,13.3
tree_instances\[6\].u_tree.prediction_valid,13.3
_1113_,13.28
_0912_,13.26
tree_instances\[9\].u_tree.pipeline_current_node\[0\]\[4\],13.22
tree_instances\[13\].u_tree.u_tree_weight_rom.cached_addr\[7\],13.215
_1054_,13.2
_1363_,13.18
_2910_,13.12
tree_instances\[18\].u_tree.tree_state\[1\],13.12
tree_instances\[7\].u_tree.tree_state\[2\],13.12
_1056_,13.08
tree_instances\[15\].u_tree.pipeline_frame_id\[0\]\[0\],13.08
tree_instances\[20\].u_tree.pipeline_frame_id\[0\]\[0\],13.08
_2991_,13.04
_2999_,13.04
tree_instances\[12\].u_tree.pipeline_frame_id\[0\]\[3\],13.04
_0913_,13.02
_2230_,13.02
_2502_,13.02
_1361_,12.96
tree_instances\[2\].u_tree.pipeline_current_node\[0\]\[8\],12.96
tree_instances\[12\].u_tree.ready_for_next,12.95
_1839_,12.94
_2102_,12.94
tree_instances\[9\].u_tree.tree_state\[3\],12.94
tree_instances\[6\].u_tree.tree_state\[0\],12.93
_1109_,12.92
_1597_,12.92
_0084_,12.88
_2039_,12.86
_2042_,12.84
_2356_,12.82
tree_instances\[16\].u_tree.pipeline_current_node\[0\]\[5\],12.81
_2615_,12.8
tree_instances\[4\].u_tree.pipeline_current_node\[0\]\[8\],12.8
_1999_,12.745
_0057_,12.74
_1093_,12.74
_2353_,12.72
tree_instances\[9\].u_tree.pipeline_current_node\[0\]\[3\],12.72
tree_instances\[13\].u_tree.u_tree_weight_rom.cached_data\[12\],12.68
_2070_,12.66
_2771_,12.66
_0049_,12.64
_1758_,12.64
tree_instances\[5\].u_tree.pipeline_prediction\[0\]\[0\],12.64
net18,12.62
_2184_,12.61
tree_instances\[18\].u_tree.pipeline_valid\[0\],12.6
_2028_,12.58
_2288_,12.52
tree_instances\[10\].u_tree.u_tree_weight_rom.cached_addr\[5\],12.52
_0806_,12.5
_1719_,12.5
_1791_,12.5
tree_instances\[11\].u_tree.tree_state\[2\],12.5
_2854_,12.48
_1061_,12.46
tree_instances\[1\].u_tree.u_tree_weight_rom.cached_addr\[1\],12.46
tree_instances\[6\].u_tree.pipeline_valid\[0\],12.46
tree_instances\[10\].u_tree.pipeline_current_node\[0\]\[5\],12.44
tree_instances\[14\].u_tree.frame_id_out\[2\],12.44
tree_instances\[8\].u_tree.pipeline_frame_id\[0\]\[0\],12.44
_1995_,12.43
_2413_,12.42
_2857_,12.42
tree_instances\[14\].u_tree.pipeline_frame_id\[0\]\[0\],12.42
_1610_,12.415
_2464_,12.395
_2552_,12.34
_0721_,12.28
_2130_,12.28
_1125_,12.26
_2009_,12.26
_2177_,12.26
_2568_,12.26
rst_n,12.24
_1141_,12.2
tree_instances\[4\].u_tree.pipeline_frame_id\[0\]\[1\],12.2
_0883_,12.18
_1764_,12.18
_0379_,12.16
_1217_,12.16
_1438_,12.16
_2046_,12.16
tree_instances\[0\].u_tree.frame_id_in\[1\],12.16
tree_instances\[13\].u_tree.pipeline_valid\[0\],12.16
tree_instances\[3\].u_tree.u_tree_weight_rom.cached_addr\[5\],12.16
tree_instances\[8\].u_tree.pipeline_valid\[0\],12.14
tree_instances\[8\].u_tree.u_tree_weight_rom.cached_addr\[5\],12.14
_2936_,12.12
tree_instances\[12\].u_tree.current_node_data\[12\],12.12
tree_instances\[13\].u_tree.pipeline_current_node\[0\]\[3\],12.12
_0968_,12.06
_1098_,12.04
_1249_,12.04
_1609_,12.04
_2026_,12.04
tree_instances\[18\].u_tree.pipeline_frame_id\[0\]\[1\],12.04
tree_instances\[13\].u_tree.ready_for_next,12.03
tree_instances\[12\].u_tree.prediction_valid,12
tree_instances\[5\].u_tree.pipeline_valid\[0\],12
tree_instances\[17\].u_tree.pipeline_frame_id\[0\]\[1\],11.98
tree_instances\[18\].u_tree.pipeline_frame_id\[0\]\[3\],11.98
_0080_,11.94
_1785_,11.94
complete_votes\[1\],11.92
_1103_,11.88
_1994_,11.88
tree_instances\[11\].u_tree.pipeline_frame_id\[0\]\[1\],11.84
_0021_,11.82
tree_instances\[1\].u_tree.pipeline_frame_id\[0\]\[1\],11.82
_0971_,11.8
_0858_,11.78
_2691_,11.755
_1039_,11.74
_1684_,11.72
_1991_,11.72
_1090_,11.7
_2218_,11.7
_2905_,11.7
_1172_,11.68
_1233_,11.68
_2703_,11.68
_0953_,11.64
_2856_,11.62
_2475_,11.6
_0892_,11.58
_1004_,11.58
tree_instances\[14\].u_tree.pipeline_current_node\[0\]\[4\],11.58
_1465_,11.52
tree_instances\[17\].u_tree.pipeline_frame_id\[0\]\[0\],11.52
_0358_,11.5
_1170_,11.5
_2747_,11.5
tree_instances\[1\].u_tree.tree_state\[2\],11.5
_0729_,11.48
_2258_,11.48
_0727_,11.46
_1232_,11.46
tree_instances\[3\].u_tree.pipeline_frame_id\[0\]\[2\],11.46
_0832_,11.38
_0928_,11.38
tree_instances\[16\].u_tree.pipeline_frame_id\[0\]\[0\],11.38
_0530_,11.36
_2151_,11.36
_0969_,11.32
_1380_,11.32
_1955_,11.32
_2152_,11.32
_2428_,11.32
tree_instances\[12\].u_tree.pipeline_frame_id\[0\]\[4\],11.32
_0025_,11.26
_1030_,11.26
_0703_,11.24
_0831_,11.24
_2489_,11.24
_2567_,11.24
tree_instances\[8\].u_tree.u_tree_weight_rom.cached_addr\[4\],11.24
_1219_,11.22
tree_instances\[3\].u_tree.pipeline_frame_id\[0\]\[3\],11.2
tree_instances\[4\].u_tree.pipeline_frame_id\[0\]\[2\],11.2
_1002_,11.16
_1080_,11.16
_1399_,11.16
tree_instances\[15\].u_tree.tree_state\[2\],11.16
_2220_,11.14
tree_instances\[15\].u_tree.pipeline_frame_id\[0\]\[3\],11.14
tree_instances\[5\].u_tree.prediction_valid,11.14
_0760_,11.12
_2488_,11.12
tree_instances\[8\].u_tree.u_tree_weight_rom.cached_addr\[3\],11.08
tree_instances\[11\].u_tree.tree_state\[1\],11.06
tree_instances\[17\].u_tree.pipeline_frame_id\[0\]\[3\],11.06
tree_instances\[1\].u_tree.pipeline_frame_id\[0\]\[3\],11.06
tree_instances\[2\].u_tree.prediction_valid,11.06
_2884_,11.04
_0622_,11.02
_0019_,11
tree_instances\[18\].u_tree.prediction_valid,11
tree_instances\[9\].u_tree.frame_id_out\[2\],11
tree_instances\[9\].u_tree.pipeline_frame_id\[0\]\[1\],10.98
_1026_,10.96
_1903_,10.9
tree_instances\[15\].u_tree.prediction_valid,10.88
tree_instances\[8\].u_tree.pipeline_current_node\[0\]\[6\],10.88
_2425_,10.86
tree_instances\[12\].u_tree.frame_id_out\[0\],10.86
_0798_,10.84
_0844_,10.82
_1005_,10.82
_2669_,10.82
tree_instances\[14\].u_tree.tree_state\[2\],10.82
tree_instances\[7\].u_tree.prediction_valid,10.82
_1662_,10.8
tree_instances\[18\].u_tree.pipeline_current_node\[0\]\[3\],10.8
_1008_,10.78
_1017_,10.78
_1475_,10.78
_2516_,10.78
_2699_,10.78
tree_instances\[19\].u_tree.pipeline_current_node\[0\]\[1\],10.74
_1622_,10.72
_1712_,10.7
tree_instances\[12\].u_tree.u_tree_weight_rom.cached_addr\[1\],10.7
tree_instances\[7\].u_tree.pipeline_current_node\[0\]\[7\],10.7
tree_instances\[2\].u_tree.ready_for_next,10.69
_2498_,10.68
tree_instances\[11\].u_tree.pipeline_frame_id\[0\]\[4\],10.68
_1934_,10.66
_2311_,10.66
tree_instances\[1\].u_tree.pipeline_current_node\[0\]\[2\],10.66
_0716_,10.64
_0857_,10.64
_2844_,10.64
_1404_,10.62
net3,10.62
_1203_,10.6
_0557_,10.56
_2291_,10.56
tree_instances\[5\].u_tree.u_tree_weight_rom.cached_data\[107\],10.56
_1082_,10.54
_1683_,10.52
_0110_,10.5
tree_instances\[0\].u_tree.pipeline_valid\[0\],10.5
tree_instances\[5\].u_tree.pipeline_frame_id\[0\]\[1\],10.5
tree_instances\[16\].u_tree.pipeline_frame_id\[0\]\[3\],10.46
tree_instances\[9\].u_tree.pipeline_frame_id\[0\]\[4\],10.46
_0064_,10.44
_1214_,10.44
_0503_,10.4
_1440_,10.4
_2693_,10.4
_2880_,10.4
_3037_,10.4
_1382_,10.38
tree_instances\[2\].u_tree.frame_id_out\[1\],10.38
_0086_,10.365
_2584_,10.36
tree_instances\[5\].u_tree.pipeline_current_node\[0\]\[3\],10.36
tree_instances\[7\].u_tree.pipeline_frame_id\[0\]\[2\],10.36
_0714_,10.34
_0876_,10.34
tree_instances\[2\].u_tree.pipeline_current_node\[0\]\[5\],10.34
_0960_,10.32
_1190_,10.32
tree_instances\[7\].u_tree.pipeline_frame_id\[0\]\[1\],10.32
tree_instances\[10\].u_tree.u_tree_weight_rom.cache_valid,10.3
_0744_,10.28
_2860_,10.28
tree_instances\[0\].u_tree.frame_id_in\[2\],10.28
tree_instances\[18\].u_tree.pipeline_frame_id\[0\]\[2\],10.28
_0842_,10.26
_1115_,10.26
_1395_,10.245
_0880_,10.24
_2351_,10.24
tree_instances\[0\].u_tree.pipeline_current_node\[0\]\[6\],10.24
tree_instances\[19\].u_tree.tree_state\[1\],10.24
tree_instances\[5\].u_tree.u_tree_weight_rom.cache_valid,10.24
tree_instances\[6\].u_tree.pipeline_current_node\[0\]\[7\],10.24
_2361_,10.2
tree_instances\[3\].u_tree.frame_id_out\[3\],10.2
_1081_,10.18
_2932_,10.16
_0848_,10.08
_1590_,10.08
_1902_,10.04
_2971_,10.04
tree_instances\[13\].u_tree.pipeline_current_node\[0\]\[7\],10.04
tree_instances\[19\].u_tree.pipeline_frame_id\[0\]\[0\],10.04
tree_instances\[20\].u_tree.pipeline_current_node\[0\]\[1\],10.04
tree_instances\[5\].u_tree.u_tree_weight_rom.cached_addr\[3\],10.04
_0838_,10.02
_0404_,10
_0007_,9.98
_0900_,9.98
_2620_,9.98
tree_instances\[15\].u_tree.pipeline_current_node\[0\]\[1\],9.98
_1497_,9.94
tree_instances\[9\].u_tree.pipeline_current_node\[0\]\[7\],9.94
tree_instances\[13\].u_tree.pipeline_frame_id\[0\]\[1\],9.92
_1564_,9.9
_2970_,9.9
tree_instances\[12\].u_tree.u_tree_weight_rom.cached_addr\[3\],9.9
_3121_,9.88
_2865_,9.86
tree_instances\[6\].u_tree.pipeline_frame_id\[0\]\[1\],9.86
tree_instances\[9\].u_tree.pipeline_frame_id\[0\]\[2\],9.86
_0434_,9.84
_2471_,9.84
tree_instances\[0\].u_tree.frame_id_in\[0\],9.84
_0078_,9.82
_3107_,9.82
tree_instances\[3\].u_tree.frame_id_out\[2\],9.82
tree_instances\[5\].u_tree.current_node_data\[107\],9.82
_2969_,9.8
_2737_,9.78
tree_instances\[3\].u_tree.u_tree_weight_rom.cached_addr\[7\],9.78
tree_instances\[9\].u_tree.pipeline_current_node\[0\]\[0\],9.78
_2058_,9.76
_2942_,9.76
_3074_,9.76
_1010_,9.74
_2101_,9.74
tree_instances\[13\].u_tree.pipeline_frame_id\[0\]\[4\],9.74
tree_instances\[18\].u_tree.pipeline_frame_id\[0\]\[4\],9.72
tree_instances\[14\].u_tree.pipeline_current_node\[0\]\[7\],9.7
tree_instances\[14\].u_tree.pipeline_frame_id\[0\]\[4\],9.68
tree_instances\[20\].u_tree.pipeline_frame_id\[0\]\[1\],9.68
tree_instances\[15\].u_tree.pipeline_frame_id\[0\]\[1\],9.64
tree_instances\[5\].u_tree.pipeline_frame_id\[0\]\[2\],9.64
tree_instances\[7\].u_tree.pipeline_frame_id\[0\]\[4\],9.64
_3058_,9.615
tree_instances\[2\].u_tree.pipeline_current_node\[0\]\[3\],9.58
_0853_,9.54
_0192_,9.52
_0305_,9.52
_1687_,9.52
_1880_,9.52
_1926_,9.52
_1651_,9.5
_0766_,9.48
_0786_,9.48
_0988_,9.48
_1647_,9.48
tree_instances\[7\].u_tree.tree_state\[1\],9.46
_0053_,9.44
_1226_,9.44
_1918_,9.44
_1033_,9.42
_1279_,9.42
_0002_,9.415
tree_instances\[15\].u_tree.pipeline_current_node\[0\]\[5\],9.41
_1171_,9.4
_1732_,9.4
tree_instances\[3\].u_tree.frame_id_out\[1\],9.4
tree_instances\[4\].u_tree.pipeline_frame_id\[0\]\[0\],9.4
tree_instances\[8\].u_tree.u_tree_weight_rom.cached_data\[12\],9.385
_1888_,9.36
_2744_,9.36
tree_instances\[20\].u_tree.u_tree_weight_rom.cached_addr\[7\],9.36
_2100_,9.32
_2106_,9.32
_2112_,9.32
_2483_,9.32
_2493_,9.32
_2965_,9.32
_3056_,9.32
_0707_,9.3
tree_instances\[12\].u_tree.u_tree_weight_rom.cached_addr\[6\],9.3
_1910_,9.24
_2474_,9.24
tree_instances\[0\].u_tree.prediction_valid,9.24
tree_instances\[5\].u_tree.pipeline_current_node\[0\]\[0\],9.24
tree_instances\[2\].u_tree.pipeline_frame_id\[0\]\[1\],9.22
tree_instances\[4\].u_tree.pipeline_frame_id\[0\]\[3\],9.22
_1319_,9.2
_2864_,9.2
_0092_,9.18
_0102_,9.18
_1237_,9.18
_1595_,9.18
tree_instances\[5\].u_tree.u_tree_weight_rom.cached_addr\[8\],9.18
_1092_,9.16
_1598_,9.16
tree_instances\[13\].u_tree.pipeline_frame_id\[0\]\[2\],9.16
tree_instances\[17\].u_tree.prediction_valid,9.16
tree_instances\[19\].u_tree.pipeline_valid\[0\],9.16
net4,9.14
_1251_,9.12
tree_instances\[18\].u_tree.pipeline_current_node\[0\]\[6\],9.12
tree_instances\[19\].u_tree.pipeline_current_node\[0\]\[0\],9.12
_0436_,9.1
_0506_,9.1
_1358_,9.08
_2007_,9.08
tree_instances\[1\].u_tree.u_tree_weight_rom.gen_tree_1.u_tree_rom.node_data\[12\],9.08
_1727_,9.07
_0510_,9.06
_0862_,9.06
_1293_,9.06
_0944_,9.04
_2047_,9.04
_1549_,9.02
_1971_,9.02
_3078_,9.02
_3137_,9.02
tree_instances\[6\].u_tree.tree_state\[1\],9.02
_1767_,8.98
_1648_,8.96
_0421_,8.94
_1280_,8.94
_1617_,8.94
_2881_,8.94
tree_instances\[8\].u_tree.u_tree_weight_rom.cached_addr\[6\],8.94
_0855_,8.92
_1489_,8.92
tree_instances\[20\].u_tree.prediction_valid,8.92
_0948_,8.9
_1365_,8.9
_1614_,8.9
_1924_,8.9
_2829_,8.9
tree_instances\[3\].u_tree.current_node_data\[107\],8.9
tree_instances\[19\].u_tree.tree_state\[0\],8.875
_0901_,8.86
_1578_,8.82
_2354_,8.82
tree_instances\[18\].u_tree.tree_state\[0\],8.82
_1739_,8.8
_1608_,8.78
_1702_,8.78
_2486_,8.78
_2490_,8.78
_2495_,8.78
_2826_,8.76
_2677_,8.74
_2930_,8.74
_2940_,8.72
tree_instances\[10\].u_tree.pipeline_frame_id\[0\]\[0\],8.72
tree_instances\[14\].u_tree.pipeline_frame_id\[0\]\[3\],8.72
_1656_,8.7
_1874_,8.7
_2111_,8.7
tree_instances\[11\].u_tree.frame_id_out\[2\],8.7
tree_instances\[13\].u_tree.current_node_data\[12\],8.7
tree_instances\[3\].u_tree.pipeline_frame_id\[0\]\[0\],8.7
_1192_,8.66
_1936_,8.66
_1998_,8.66
_2186_,8.64
_0433_,8.62
_0483_,8.62
_0487_,8.62
_0605_,8.62
_0624_,8.62
_2542_,8.62
_0066_,8.6
_0298_,8.6
_0329_,8.6
_0431_,8.6
_1666_,8.6
_0523_,8.58
_1156_,8.58
_1393_,8.58
_2572_,8.58
_2724_,8.58
_2872_,8.58
tree_instances\[3\].u_tree.pipeline_valid\[0\],8.58
_0941_,8.56
tree_instances\[15\].u_tree.pipeline_frame_id\[0\]\[4\],8.56
_0596_,8.555
tree_instances\[17\].u_tree.frame_id_out\[2\],8.54
_1430_,8.52
_3012_,8.52
_3014_,8.52
_0103_,8.48
_1761_,8.48
_1970_,8.48
_0348_,8.46
_1899_,8.46
_0204_,8.44
_0808_,8.44
_0843_,8.44
_0930_,8.44
_1135_,8.44
_1470_,8.44
_2105_,8.44
_0458_,8.405
_0751_,8.4
_1063_,8.4
_2165_,8.4
_2259_,8.4
tree_instances\[11\].u_tree.pipeline_current_node\[0\]\[1\],8.4
tree_instances\[1\].u_tree.u_tree_weight_rom.cached_addr\[3\],8.38
_1909_,8.36
_1972_,8.36
_2107_,8.36
_1201_,8.34
_2064_,8.34
tree_instances\[6\].u_tree.pipeline_frame_id\[0\]\[0\],8.32
_0012_,8.28
_0233_,8.26
_0264_,8.26
_0370_,8.26
tree_instances\[1\].u_tree.u_tree_weight_rom.cached_data\[12\],8.26
_0188_,8.24
_2741_,8.24
_2824_,8.24
_1368_,8.235
_0852_,8.2
_1396_,8.2
_1599_,8.2
_1788_,8.2
tree_instances\[16\].u_tree.pipeline_frame_id\[0\]\[2\],8.2
_0419_,8.16
_0425_,8.16
_0452_,8.16
_0585_,8.16
_0517_,8.14
_1394_,8.14
_2439_,8.14
tree_instances\[2\].u_tree.tree_state\[0\],8.14
_0734_,8.12
_0939_,8.12
_1932_,8.12
_2247_,8.12
tree_instances\[1\].u_tree.pipeline_current_node\[0\]\[6\],8.12
_0979_,8.1
_1823_,8.1
_2148_,8.1
_2828_,8.1
_3099_,8.1
tree_instances\[17\].u_tree.pipeline_frame_id\[0\]\[4\],8.1
tree_instances\[19\].u_tree.pipeline_current_node\[0\]\[7\],8.1
tree_instances\[8\].u_tree.pipeline_current_node\[0\]\[1\],8.1
_0956_,8.08
_0768_,8.06
_1953_,8.06
_2092_,8.06
_2851_,8.06
_0077_,8.02
_0972_,8.02
_1119_,8.02
_2274_,8.02
_2305_,8.02
_2307_,8.02
_2846_,8.02
tree_instances\[6\].u_tree.pipeline_frame_id\[0\]\[4\],8.02
_0392_,8
_3040_,8
tree_instances\[12\].u_tree.pipeline_valid\[0\],8
_0239_,7.98
_0571_,7.98
_0920_,7.98
_1037_,7.98
_1431_,7.98
_2081_,7.98
_2206_,7.98
_2238_,7.98
_2273_,7.98
_2543_,7.98
_2702_,7.98
tree_instances\[1\].u_tree.frame_id_out\[2\],7.98
tree_instances\[9\].u_tree.tree_state\[1\],7.98
_2463_,7.96
_0548_,7.945
_0601_,7.945
_2754_,7.94
tree_instances\[8\].u_tree.pipeline_current_node\[0\]\[5\],7.92
_2995_,7.9
_0216_,7.885
_2928_,7.86
tree_instances\[11\].u_tree.frame_id_out\[3\],7.84
_2712_,7.82
_0851_,7.8
_2664_,7.8
_0099_,7.78
_0435_,7.78
_1459_,7.78
tree_instances\[12\].u_tree.pipeline_current_node\[0\]\[5\],7.76
_0168_,7.745
_1048_,7.74
_1335_,7.74
_1790_,7.74
_2262_,7.7
_2946_,7.7
tree_instances\[0\].u_tree.pipeline_frame_id\[0\]\[1\],7.7
_2040_,7.685
_0339_,7.68
_2066_,7.68
_2308_,7.68
_2375_,7.68
_2431_,7.68
_2784_,7.68
_2830_,7.68
_2992_,7.68
_0764_,7.66
_1301_,7.66
_0111_,7.64
_0556_,7.64
_1760_,7.64
_3047_,7.64
tree_instances\[2\].u_tree.pipeline_frame_id\[0\]\[2\],7.64
tree_instances\[3\].u_tree.u_tree_weight_rom.cached_addr\[0\],7.64
tree_instances\[3\].u_tree.u_tree_weight_rom.cached_data\[107\],7.64
_0454_,7.62
_1757_,7.62
_0194_,7.605
_0054_,7.6
_0910_,7.6
_1254_,7.6
_2509_,7.6
_2707_,7.6
_1472_,7.58
_1876_,7.58
_2807_,7.58
_2987_,7.58
_0531_,7.565
_0785_,7.56
_1391_,7.56
_1551_,7.56
_1577_,7.56
_1676_,7.56
_1870_,7.56
_2193_,7.56
_2198_,7.56
_2277_,7.56
_2309_,7.56
_2423_,7.56
_2717_,7.56
tree_instances\[16\].u_tree.u_tree_weight_rom.cached_addr\[5\],7.56
_0819_,7.54
_2832_,7.54
_3080_,7.54
tree_instances\[10\].u_tree.pipeline_current_node\[0\]\[2\],7.54
_1262_,7.52
_2096_,7.52
_2104_,7.52
_2233_,7.52
_2321_,7.52
_2469_,7.52
_2554_,7.52
_2672_,7.52
_2870_,7.52
tree_instances\[16\].u_tree.u_tree_weight_rom.cached_data\[12\],7.52
tree_instances\[3\].u_tree.read_enable,7.52
tree_instances\[4\].u_tree.frame_id_out\[1\],7.52
_1359_,7.49
_0682_,7.485
_1799_,7.48
_1001_,7.46
_2673_,7.46
_0752_,7.44
_0952_,7.44
_1352_,7.44
tree_instances\[4\].u_tree.tree_state\[0\],7.43
tree_instances\[3\].u_tree.prediction_valid,7.42
tree_instances\[8\].u_tree.u_tree_weight_rom.cached_addr\[0\],7.42
_0918_,7.4
_1996_,7.4
_2108_,7.4
tree_instances\[13\].u_tree.tree_state\[2\],7.4
_0966_,7.395
_2002_,7.38
_2044_,7.36
ready_for_next,7.35
_0107_,7.34
_0258_,7.34
_0563_,7.34
_2190_,7.34
tree_instances\[20\].u_tree.pipeline_valid\[0\],7.34
_0236_,7.32
_1094_,7.32
_1397_,7.32
_3062_,7.32
tree_instances\[10\].u_tree.pipeline_frame_id\[0\]\[4\],7.32
_2460_,7.3
tree_instances\[12\].u_tree.u_tree_weight_rom.gen_tree_12.u_tree_rom.node_data\[12\],7.3
_0736_,7.28
tree_instances\[15\].u_tree.pipeline_current_node\[0\]\[2\],7.28
feature_valid,7.25
_0058_,7.24
_2743_,7.24
_2776_,7.24
_0067_,7.22
_0097_,7.22
_0991_,7.22
_1499_,7.22
_1973_,7.22
_2181_,7.22
_2254_,7.22
_2977_,7.22
attack_votes\[4\],7.2
_1328_,7.18
_1553_,7.18
_2098_,7.18
_2272_,7.18
_2374_,7.18
tree_instances\[1\].u_tree.pipeline_current_node\[0\]\[7\],7.18
tree_instances\[2\].u_tree.tree_state\[2\],7.18
tree_instances\[3\].u_tree.u_tree_weight_rom.cached_addr\[2\],7.18
_0676_,7.145
_2874_,7.14
_1124_,7.12
_1273_,7.12
_1763_,7.12
_2383_,7.12
_3093_,7.12
current_voting_frame\[2\],7.12
_1131_,7.1
_1480_,7.1
_1961_,7.1
_2135_,7.1
_2325_,7.1
_2396_,7.1
_2523_,7.1
_2555_,7.1
tree_instances\[14\].u_tree.pipeline_current_node\[0\]\[2\],7.1
tree_instances\[1\].u_tree.frame_id_out\[1\],7.1
_1679_,7.08
_2468_,7.08
tree_instances\[1\].u_tree.pipeline_current_node\[0\]\[5\],7.08
_0776_,7.06
_1149_,7.06
_1515_,7.06
_2424_,7.06
_2812_,7.06
_2913_,7.06
_2961_,7.06
_3133_,7.06
tree_instances\[2\].u_tree.pipeline_current_node\[0\]\[9\],7.06
_1942_,7.04
_2531_,7.005
_0824_,6.98
_1403_,6.98
_2241_,6.98
tree_instances\[12\].u_tree.pipeline_current_node\[0\]\[6\],6.98
_0282_,6.975
_2571_,6.96
_2675_,6.96
_3009_,6.96
tree_instances\[12\].u_tree.u_tree_weight_rom.cached_addr\[2\],6.96
tree_instances\[4\].u_tree.pipeline_frame_id\[0\]\[4\],6.94
_0219_,6.925
_0560_,6.88
_1209_,6.88
_2145_,6.88
tree_instances\[4\].u_tree.pipeline_current_node\[0\]\[5\],6.86
_0186_,6.84
_0442_,6.84
_0457_,6.825
_0593_,6.825
_0644_,6.825
_0869_,6.8
_1161_,6.78
_0063_,6.76
_0409_,6.76
_0561_,6.76
_0695_,6.76
_0884_,6.76
_0959_,6.76
_1330_,6.76
_1591_,6.76
_1848_,6.76
_2329_,6.76
_2403_,6.76
_2843_,6.76
tree_instances\[15\].u_tree.pipeline_current_node\[0\]\[6\],6.76
tree_instances\[1\].u_tree.current_node_data\[12\],6.76
_0728_,6.74
_1371_,6.74
_1596_,6.74
_2848_,6.74
tree_instances\[10\].u_tree.pipeline_current_node\[0\]\[0\],6.74
_0354_,6.72
_1388_,6.72
_1528_,6.72
_1555_,6.72
_1723_,6.72
_2188_,6.72
_2581_,6.72
_3013_,6.72
_3026_,6.72
_0834_,6.66
_0935_,6.66
_2380_,6.66
_0174_,6.64
_0692_,6.64
_0778_,6.64
_1097_,6.64
_1168_,6.64
_1178_,6.64
_1369_,6.64
_1498_,6.64
_1630_,6.64
_1925_,6.64
_2195_,6.64
_2199_,6.64
_2200_,6.64
_2342_,6.64
_2956_,6.64
tree_instances\[0\].u_tree.pipeline_frame_id\[0\]\[2\],6.64
tree_instances\[15\].u_tree.pipeline_current_node\[0\]\[7\],6.64
_1623_,6.62
_2358_,6.62
_1299_,6.6
_1339_,6.6
_1734_,6.6
_1986_,6.6
_2056_,6.6
_2123_,6.6
_2521_,6.6
_2787_,6.6
_2985_,6.6
_3063_,6.6
tree_instances\[6\].u_tree.tree_state\[2\],6.6
_2293_,6.58
_2678_,6.58
_2933_,6.54
_0725_,6.52
_0999_,6.52
_1367_,6.52
_2526_,6.52
_2736_,6.52
_2815_,6.52
_0083_,6.5
_2686_,6.5
tree_instances\[12\].u_tree.u_tree_weight_rom.cached_data\[12\],6.5
_0872_,6.48
_1765_,6.48
_2804_,6.48
tree_instances\[14\].u_tree.tree_state\[1\],6.48
_0594_,6.465
_1038_,6.46
_0719_,6.44
_0128_,6.42
_0401_,6.42
_0702_,6.42
_0704_,6.42
_1229_,6.42
_1469_,6.42
_2562_,6.42
_2681_,6.42
_1718_,6.4
_2834_,6.4
_3108_,6.4
_3055_,6.38
_0164_,6.365
_0309_,6.365
_0674_,6.365
_0985_,6.36
_2398_,6.36
tree_instances\[0\].u_tree.frame_id_in\[3\],6.36
_1462_,6.32
_2853_,6.32
_0468_,6.3
_0513_,6.3
_0781_,6.3
_0845_,6.3
_1070_,6.3
_1325_,6.3
_1407_,6.3
_2166_,6.3
_2197_,6.3
_2364_,6.3
_2406_,6.3
_2501_,6.3
_2876_,6.3
_3122_,6.3
_3123_,6.3
_3124_,6.3
tree_instances\[19\].u_tree.frame_id_out\[4\],6.3
_1348_,6.28
_1488_,6.28
tree_instances\[16\].u_tree.u_tree_weight_rom.cached_addr\[6\],6.28
_0722_,6.26
_0899_,6.26
_0907_,6.26
_1108_,6.26
_1366_,6.26
_1421_,6.26
_1615_,6.26
_2063_,6.26
_2205_,6.26
_2257_,6.26
_2497_,6.26
_2607_,6.26
_2879_,6.26
_2945_,6.26
_2964_,6.26
tree_instances\[11\].u_tree.pipeline_current_node\[0\]\[7\],6.26
tree_instances\[3\].u_tree.tree_state\[2\],6.26
tree_instances\[4\].u_tree.tree_state\[1\],6.26
tree_instances\[5\].u_tree.pipeline_current_node\[0\]\[2\],6.26
tree_instances\[9\].u_tree.pipeline_current_node\[0\]\[5\],6.26
_0879_,6.2
_1003_,6.2
_1344_,6.2
_1495_,6.2
_1698_,6.2
_1746_,6.2
_2187_,6.2
_2639_,6.2
_2962_,6.2
_3016_,6.2
tree_instances\[10\].u_tree.current_node_data\[12\],6.2
_1154_,6.195
_0075_,6.18
_0980_,6.18
_1139_,6.18
_1215_,6.18
_1947_,6.18
_2120_,6.18
_2404_,6.18
_2452_,6.18
tree_instances\[14\].u_tree.pipeline_current_node\[0\]\[6\],6.18
tree_instances\[15\].u_tree.pipeline_frame_id\[0\]\[2\],6.18
tree_instances\[17\].u_tree.tree_state\[2\],6.18
tree_instances\[4\].u_tree.prediction_valid,6.18
tree_instances\[8\].u_tree.u_tree_weight_rom.cached_addr\[7\],6.18
tree_instances\[0\].u_tree.pipeline_frame_id\[0\]\[4\],6.16
tree_instances\[10\].u_tree.pipeline_current_node\[0\]\[4\],6.16
_0227_,6.155
_1207_,6.14
_1316_,6.14
_1447_,6.14
_1754_,6.14
_1887_,6.14
_2119_,6.14
_2235_,6.14
_2417_,6.14
_2976_,6.14
_3136_,6.14
_3142_,6.14
tree_instances\[8\].u_tree.pipeline_current_node\[0\]\[0\],6.14
_0246_,6.105
_1256_,6.08
_2658_,6.08
tree_instances\[5\].u_tree.u_tree_weight_rom.cached_addr\[4\],6.08
_1163_,6.06
_1360_,6.06
_1384_,6.06
_2263_,6.06
_3085_,6.06
_1155_,6.04
_1708_,6.04
_2420_,6.04
_0533_,6.025
_2377_,5.98
_2440_,5.98
_2644_,5.98
_2720_,5.98
_0583_,5.96
_1188_,5.96
_0866_,5.94
_1159_,5.94
tree_instances\[2\].u_tree.tree_state\[3\],5.94
_0588_,5.935
_0823_,5.92
_1235_,5.92
_1711_,5.92
_3006_,5.92
prediction_out,5.87
_0215_,5.86
_0362_,5.86
_1640_,5.86
_1916_,5.86
_2350_,5.86
_2943_,5.86
_0015_,5.84
_0144_,5.84
_0271_,5.84
_0740_,5.84
_1386_,5.84
_1507_,5.84
_1659_,5.84
_1726_,5.84
_2034_,5.84
_2204_,5.84
_2386_,5.84
tree_instances\[5\].u_tree.read_enable,5.84
tree_instances\[6\].u_tree.pipeline_current_node\[0\]\[0\],5.84
_0973_,5.82
_1243_,5.82
_1287_,5.8
_1312_,5.8
_1432_,5.8
_1618_,5.8
_1627_,5.8
_1755_,5.8
_1797_,5.8
_1984_,5.8
_1993_,5.8
_2005_,5.8
_2077_,5.8
_2126_,5.8
_2194_,5.8
_2264_,5.8
_2366_,5.8
_2574_,5.8
_3028_,5.8
tree_instances\[10\].u_tree.prediction_valid,5.8
tree_instances\[7\].u_tree.pipeline_current_node\[0\]\[2\],5.8
_0191_,5.74
_1379_,5.74
_2334_,5.74
_2432_,5.74
_2706_,5.74
_3054_,5.74
_3075_,5.74
tree_instances\[20\].u_tree.u_tree_weight_rom.cached_addr\[5\],5.74
_0223_,5.725
_0091_,5.72
_0519_,5.72
_0917_,5.72
_1027_,5.72
_1200_,5.72
_1255_,5.72
_1492_,5.72
_1509_,5.72
_1558_,5.72
_1958_,5.72
_2062_,5.72
_2201_,5.72
_2545_,5.72
_2668_,5.72
_2819_,5.72
tree_instances\[0\].u_tree.pipeline_current_node\[0\]\[2\],5.72
_1006_,5.7
_0949_,5.68
_1052_,5.68
_1106_,5.68
_1199_,5.68
_1520_,5.68
_2223_,5.68
_2256_,5.68
_2411_,5.68
_2835_,5.68
_2952_,5.68
_3046_,5.68
_3079_,5.68
_3106_,5.68
_1074_,5.66
_0527_,5.645
_2837_,5.62
tree_instances\[1\].u_tree.pipeline_frame_id\[0\]\[4\],5.62
_0698_,5.6
_2289_,5.6
_2359_,5.6
_2823_,5.6
_3127_,5.6
tree_instances\[16\].u_tree.pipeline_current_node\[0\]\[1\],5.6
_0871_,5.58
_1990_,5.58
_2719_,5.58
_3067_,5.58
_0403_,5.56
_1327_,5.56
attack_votes\[3\],5.56
_0167_,5.545
_0646_,5.545
frame_id_out[0],5.53
frame_id_out[1],5.53
frame_id_out[2],5.53
frame_id_out[3],5.53
frame_id_out[4],5.53
prediction_valid,5.53
_0451_,5.52
_2715_,5.52
_0096_,5.5
_0334_,5.5
_0338_,5.5
_1425_,5.5
_2242_,5.5
_2485_,5.5
_0846_,5.48
_0989_,5.48
_2049_,5.48
_2859_,5.48
tree_instances\[10\].u_tree.pipeline_current_node\[0\]\[1\],5.48
_0459_,5.475
_0292_,5.46
_0450_,5.46
_0993_,5.46
_0308_,5.445
_1898_,5.4
tree_instances\[14\].u_tree.tree_state\[3\],5.4
_0197_,5.38
_0481_,5.38
_0570_,5.38
_0633_,5.38
_0670_,5.38
_0710_,5.38
_1043_,5.38
_1153_,5.38
_1271_,5.38
_1628_,5.38
_1753_,5.38
_1863_,5.38
_1939_,5.38
_2033_,5.38
_2060_,5.38
_2202_,5.38
_2266_,5.38
_2345_,5.38
_2400_,5.38
_2482_,5.38
_2538_,5.38
_2663_,5.38
_2944_,5.38
_2954_,5.38
_3023_,5.38
tree_instances\[1\].u_tree.pipeline_current_node\[0\]\[4\],5.38
_1417_,5.36
_2292_,5.36
_1206_,5.34
_1309_,5.34
_1313_,5.34
_1351_,5.34
_1433_,5.34
_1513_,5.34
_1621_,5.34
_1721_,5.34
_2083_,5.34
_2127_,5.34
_2773_,5.34
_2908_,5.34
_2973_,5.34
_3041_,5.34
_3147_,5.34
_0130_,5.305
_0681_,5.305
_1057_,5.28
_1738_,5.28
_1867_,5.28
_2168_,5.28
_2548_,5.28
_2869_,5.28
tree_instances\[20\].u_tree.u_tree_weight_rom.cached_addr\[1\],5.28
_0940_,5.275
_0003_,5.26
_0730_,5.26
_1035_,5.26
_1222_,5.26
_1326_,5.26
_1624_,5.26
_2228_,5.26
_2299_,5.26
_2504_,5.26
_2537_,5.26
_2783_,5.26
_2840_,5.26
_2861_,5.26
_2892_,5.26
_2895_,5.26
_2927_,5.26
tree_instances\[16\].u_tree.current_node_data\[12\],5.26
tree_instances\[20\].u_tree.tree_state\[2\],5.26
_1350_,5.24
_2654_,5.24
_0814_,5.22
_1132_,5.22
_1259_,5.22
_1548_,5.22
_1556_,5.22
_1798_,5.22
_1841_,5.22
_1879_,5.22
_2017_,5.22
_2036_,5.22
_2217_,5.22
_2378_,5.22
_2381_,5.22
_2612_,5.22
_2827_,5.22
_2862_,5.22
_3011_,5.22
_3096_,5.22
tree_instances\[12\].u_tree.pipeline_current_node\[0\]\[0\],5.22
_1426_,5.18
_0155_,5.14
_0205_,5.14
_2158_,5.14
tree_instances\[9\].u_tree.pipeline_current_node\[0\]\[2\],5.14
_0612_,5.135
tree_instances\[11\].u_tree.pipeline_current_node\[0\]\[2\],5.135
_1145_,5.12
_1896_,5.06
_2114_,5.06
_0023_,5.04
_0818_,5.04
_1186_,5.04
_2530_,5.04
tree_instances\[19\].u_tree.prediction_valid,5.04
_0318_,5.02
_0569_,5.02
_0713_,5.02
_0802_,5.02
_0854_,5.02
_1665_,5.02
_2442_,5.02
_2596_,5.02
_2779_,5.02
_2806_,5.02
tree_instances\[14\].u_tree.frame_id_out\[1\],5.02
tree_instances\[4\].u_tree.frame_id_out\[3\],5.02
_0265_,5
_0319_,5
_0311_,4.985
_2670_,4.98
_2508_,4.945
_0777_,4.94
_1128_,4.94
_1455_,4.94
_2629_,4.94
_0142_,4.92
_0184_,4.92
_0243_,4.92
_0535_,4.92
_0650_,4.92
_1111_,4.92
_1282_,4.92
_1283_,4.92
_1342_,4.92
_1422_,4.92
_1843_,4.92
_1849_,4.92
_1895_,4.92
_2057_,4.92
_2059_,4.92
_2155_,4.92
_2157_,4.92
_2549_,4.92
_2696_,4.92
_2760_,4.92
_3008_,4.92
_3060_,4.92
_3098_,4.92
_3130_,4.92
tree_instances\[0\].u_tree.pipeline_current_node\[0\]\[7\],4.92
tree_instances\[16\].u_tree.u_tree_weight_rom.cached_addr\[2\],4.92
tree_instances\[18\].u_tree.pipeline_current_node\[0\]\[4\],4.92
_1904_,4.905
_1031_,4.9
_1042_,4.9
_1177_,4.9
_1573_,4.9
_3021_,4.9
tree_instances\[8\].u_tree.pipeline_current_node\[0\]\[4\],4.9
_0048_,4.88
_0253_,4.88
_0516_,4.88
_0573_,4.88
_0783_,4.88
_0803_,4.88
_0962_,4.88
_1298_,4.88
_1526_,4.88
_1538_,4.88
_1631_,4.88
_1858_,4.88
_2103_,4.88
_2320_,4.88
_2617_,4.88
_2790_,4.88
_2863_,4.88
_2918_,4.88
tree_instances\[2\].u_tree.pipeline_current_node\[0\]\[0\],4.88
_0220_,4.845
_0275_,4.845
_0611_,4.845
_0954_,4.82
_1241_,4.82
_1257_,4.82
_1576_,4.82
_1777_,4.82
_1969_,4.82
_1978_,4.82
_2144_,4.82
_2456_,4.82
tree_instances\[7\].u_tree.pipeline_current_node\[0\]\[3\],4.82
_0576_,4.8
_0639_,4.8
_0658_,4.8
_0748_,4.8
_0938_,4.8
_0942_,4.8
_0976_,4.8
_1088_,4.8
_1185_,4.8
_1261_,4.8
_1511_,4.8
_1516_,4.8
_1701_,4.8
_1709_,4.8
_1911_,4.8
_2137_,4.8
_2300_,4.8
_2338_,4.8
_2362_,4.8
_2422_,4.8
_2435_,4.8
_2515_,4.8
_2556_,4.8
_2557_,4.8
_2621_,4.8
_2634_,4.8
_2662_,4.8
_2722_,4.8
_2767_,4.8
_2898_,4.8
_2949_,4.8
_2980_,4.8
_3033_,4.8
_3042_,4.8
_3044_,4.8
_3045_,4.8
net13,4.8
_0369_,4.78
tree_instances\[18\].u_tree.pipeline_current_node\[0\]\[0\],4.78
_0428_,4.76
_1059_,4.76
_1450_,4.76
_1567_,4.76
_1795_,4.76
_2128_,4.76
_2136_,4.76
_2284_,4.76
_2437_,4.76
_2457_,4.76
_1602_,4.7
_2648_,4.7
_0600_,4.68
_0931_,4.68
_2601_,4.68
tree_instances\[5\].u_tree.u_tree_weight_rom.cached_addr\[7\],4.68
_2038_,4.675
_1148_,4.66
_1912_,4.66
tree_instances\[9\].u_tree.tree_state\[2\],4.66
_0672_,4.625
_1076_,4.6
_2322_,4.6
_2817_,4.6
_0398_,4.58
_0439_,4.58
_0518_,4.58
_0648_,4.58
_2786_,4.58
_2506_,4.57
_0345_,4.56
_0663_,4.56
_1083_,4.56
_1613_,4.56
_2477_,4.56
_2481_,4.56
tree_instances\[14\].u_tree.pipeline_current_node\[0\]\[5\],4.56
_0286_,4.54
_0287_,4.54
_1144_,4.54
_3015_,4.54
_1158_,4.48
_1566_,4.48
_1789_,4.48
_2043_,4.48
_2434_,4.48
_0033_,4.46
_0065_,4.46
_0071_,4.46
_0085_,4.46
_0177_,4.46
_0504_,4.46
_0750_,4.46
_0807_,4.46
_0835_,4.46
_0895_,4.46
_0897_,4.46
_0904_,4.46
_1242_,4.46
_1448_,4.46
_1649_,4.46
_1736_,4.46
_1742_,4.46
_1748_,4.46
_1772_,4.46
_1929_,4.46
_2147_,4.46
_2389_,4.46
_2551_,4.46
_2630_,4.46
_2666_,4.46
_2721_,4.46
tree_instances\[0\].u_tree.pipeline_current_node\[0\]\[3\],4.46
tree_instances\[13\].u_tree.pipeline_current_node\[0\]\[1\],4.46
tree_instances\[1\].u_tree.u_tree_weight_rom.cached_addr\[0\],4.46
tree_instances\[20\].u_tree.current_node_data\[12\],4.46
_1228_,4.44
_1587_,4.44
_2472_,4.44
tree_instances\[6\].u_tree.pipeline_current_node\[0\]\[6\],4.44
_1060_,4.42
_1300_,4.42
_1389_,4.42
_1522_,4.42
_1552_,4.42
_1575_,4.42
_1586_,4.42
_1619_,4.42
_1950_,4.42
_2019_,4.42
_2245_,4.42
_2384_,4.42
_2393_,4.42
_2529_,4.42
_2909_,4.42
_3092_,4.42
tree_instances\[9\].u_tree.prediction_valid,4.42
_0914_,4.36
_1265_,4.36
_1297_,4.36
_1638_,4.36
_1650_,4.36
_2025_,4.36
_2154_,4.36
_2467_,4.36
_2544_,4.36
_2845_,4.36
_3064_,4.36
net16,4.36
_0095_,4.34
_0098_,4.34
_0151_,4.34
_0629_,4.34
_0743_,4.34
_0759_,4.34
_0825_,4.34
_0856_,4.34
_1075_,4.34
_1423_,4.34
_1514_,4.34
_1554_,4.34
_1589_,4.34
_1854_,4.34
_2085_,4.34
_2448_,4.34
_2761_,4.34
_2777_,4.34
_2850_,4.34
_2852_,4.34
_2916_,4.34
_2966_,4.34
tree_instances\[1\].u_tree.pipeline_current_node\[0\]\[0\],4.34
tree_instances\[4\].u_tree.pipeline_current_node\[0\]\[7\],4.34
_2667_,4.32
_2797_,4.28
_0280_,4.24
_0511_,4.24
_1337_,4.24
_1699_,4.24
_1770_,4.24
_2455_,4.24
_0923_,4.235
_0508_,4.22
_0964_,4.22
_1086_,4.22
_1661_,4.22
_1681_,4.22
_1821_,4.22
_3031_,4.22
tree_instances\[16\].u_tree.pipeline_current_node\[0\]\[4\],4.22
_2513_,4.2
_0614_,4.145
_1024_,4.14
_2705_,4.14
tree_instances\[8\].u_tree.u_tree_weight_rom.gen_tree_8.u_tree_rom.node_data\[12\],4.14
_0195_,4.12
_0328_,4.12
_0553_,4.12
_0645_,4.12
_1504_,4.12
_1690_,4.12
_2695_,4.12
_2887_,4.12
_0206_,4.1
_2269_,4.1
_2774_,4.1
_2931_,4.1
_3148_,4.1
_2732_,4.045
_0140_,4.02
_0470_,4.02
_0662_,4.02
_0797_,4.02
_0916_,4.02
_0974_,4.02
_1571_,4.02
_1634_,4.02
_1636_,4.02
_1688_,4.02
_1883_,4.02
_2303_,4.02
_2326_,4.02
_2363_,4.02
_2653_,4.02
_0039_,4
_0090_,4
_0148_,4
_0383_,4
_0567_,4
_0631_,4
_0688_,4
_0791_,4
_1073_,4
_1133_,4
_1150_,4
_1166_,4
_1289_,4
_1364_,4
_1385_,4
_1416_,4
_1493_,4
_1588_,4
_1592_,4
_1652_,4
_1927_,4
_1940_,4
_2074_,4
_2090_,4
_2215_,4
_2276_,4
_2346_,4
_2643_,4
_2934_,4
_3027_,4
_3090_,4
_3118_,4
_3135_,4
tree_instances\[11\].u_tree.pipeline_current_node\[0\]\[0\],4
tree_instances\[12\].u_tree.pipeline_current_node\[0\]\[1\],4
_0813_,3.98
_0981_,3.98
_1021_,3.98
_1303_,3.98
_1962_,3.98
tree_instances\[6\].u_tree.pipeline_current_node\[0\]\[8\],3.98
_0163_,3.925
_0061_,3.9
_1013_,3.9
_1116_,3.9
_1238_,3.9
_1307_,3.9
_1563_,3.9
_1629_,3.9
_1749_,3.9
_1979_,3.9
_2565_,3.9
_2692_,3.9
tree_instances\[0\].u_tree.pipeline_current_node\[0\]\[4\],3.9
_2097_,3.885
_0726_,3.88
_0767_,3.88
_0805_,3.88
_0896_,3.88
_0929_,3.88
_1120_,3.88
_1146_,3.88
_1180_,3.88
_1224_,3.88
_1264_,3.88
_1353_,3.88
_1374_,3.88
_1415_,3.88
_1428_,3.88
_1435_,3.88
_1441_,3.88
_1464_,3.88
_1532_,3.88
_1580_,3.88
_1697_,3.88
_1710_,3.88
_1730_,3.88
_1831_,3.88
_1901_,3.88
_1931_,3.88
_2134_,3.88
_2143_,3.88
_2283_,3.88
_2408_,3.88
_2611_,3.88
_2803_,3.88
_2814_,3.88
_2975_,3.88
_2979_,3.88
_3007_,3.88
_3140_,3.88
tree_instances\[17\].u_tree.pipeline_current_node\[0\]\[2\],3.88
_0562_,3.845
_0313_,3.78
_1866_,3.78
tree_instances\[18\].u_tree.tree_state\[2\],3.78
_0120_,3.76
_0237_,3.76
_0366_,3.76
_0542_,3.76
_0580_,3.76
_1173_,3.76
_1424_,3.76
_1494_,3.76
_1660_,3.76
_2632_,3.76
_2791_,3.76
_2889_,3.76
tree_instances\[9\].u_tree.pipeline_current_node\[0\]\[1\],3.76
_2597_,3.74
_0397_,3.705
_1204_,3.68
_0187_,3.66
_0202_,3.66
_0232_,3.66
_0327_,3.66
_0386_,3.66
_0430_,3.66
_0455_,3.66
_0521_,3.66
_0544_,3.66
_0664_,3.66
_1779_,3.66
_2604_,3.66
_3050_,3.66
_2484_,3.64
_2647_,3.64
_2716_,3.64
tree_instances\[13\].u_tree.u_tree_weight_rom.gen_tree_13.u_tree_rom.node_data\[12\],3.64
tree_instances\[17\].u_tree.pipeline_current_node\[0\]\[6\],3.64
_2243_,3.6
_0574_,3.56
_0654_,3.56
_0693_,3.56
_0694_,3.56
_0841_,3.56
_0934_,3.56
_1375_,3.56
_1700_,3.56
_2451_,3.56
_2487_,3.56
_2511_,3.56
_2756_,3.56
_2795_,3.56
_3125_,3.56
_3132_,3.56
_0005_,3.54
_0029_,3.54
_0055_,3.54
_0296_,3.54
_0382_,3.54
_0384_,3.54
_0393_,3.54
_0408_,3.54
_0482_,3.54
_0539_,3.54
_0579_,3.54
_0582_,3.54
_0700_,3.54
_0724_,3.54
_0779_,3.54
_0957_,3.54
_1518_,3.54
_1531_,3.54
_1537_,3.54
_1542_,3.54
_1616_,3.54
_1717_,3.54
_1894_,3.54
_1915_,3.54
_1922_,3.54
_1952_,3.54
_1959_,3.54
_1985_,3.54
_2035_,3.54
_2078_,3.54
_2079_,3.54
_2633_,3.54
_2758_,3.54
_2788_,3.54
_2794_,3.54
_2808_,3.54
_2866_,3.54
_2935_,3.54
_3069_,3.54
_3087_,3.54
_3126_,3.54
_3138_,3.54
_1451_,3.52
_1890_,3.52
_2838_,3.52
_0314_,3.465
_0460_,3.465
_0649_,3.465
_0554_,3.44
_1029_,3.44
_1174_,3.44
_1272_,3.44
_1295_,3.44
_1372_,3.44
_1481_,3.44
_1533_,3.44
_1585_,3.44
_1862_,3.44
_1943_,3.44
_2075_,3.44
_2076_,3.44
_2278_,3.44
_2280_,3.44
_2315_,3.44
_2327_,3.44
_2409_,3.44
_2418_,3.44
_2558_,3.44
_2559_,3.44
_2566_,3.44
_2704_,3.44
_2842_,3.44
_2858_,3.44
_2963_,3.44
_2984_,3.44
_3038_,3.44
_0587_,3.42
_0720_,3.42
_0810_,3.42
_0886_,3.42
_1016_,3.42
_1019_,3.42
_1051_,3.42
_1071_,3.42
_1087_,3.42
_1345_,3.42
_1501_,3.42
_1601_,3.42
_1714_,3.42
_1855_,3.42
_1864_,3.42
_1920_,3.42
_1946_,3.42
_1975_,3.42
_1977_,3.42
_1987_,3.42
_2014_,3.42
_2015_,3.42
_2368_,3.42
_2410_,3.42
_2416_,3.42
_2438_,3.42
_2476_,3.42
_2594_,3.42
_2739_,3.42
_2746_,3.42
_2757_,3.42
_2957_,3.42
_3002_,3.42
_3059_,3.42
_3071_,3.42
_3088_,3.42
_3105_,3.42
_3112_,3.42
tree_instances\[15\].u_tree.pipeline_current_node\[0\]\[3\],3.42
tree_instances\[16\].u_tree.u_tree_weight_rom.cached_addr\[1\],3.42
tree_instances\[19\].u_tree.pipeline_current_node\[0\]\[4\],3.42
tree_instances\[4\].u_tree.pipeline_current_node\[0\]\[0\],3.42
tree_instances\[7\].u_tree.pipeline_current_node\[0\]\[1\],3.42
_0315_,3.415
_0669_,3.385
_0171_,3.345
_0490_,3.32
_1376_,3.32
tree_instances\[19\].u_tree.pipeline_frame_id\[0\]\[3\],3.32
_0153_,3.3
_0182_,3.3
_0306_,3.3
_0423_,3.3
_0717_,3.3
_1401_,3.3
_0416_,3.245
_0456_,3.245
_0136_,3.225
_0347_,3.225
_0374_,3.225
_1104_,3.22
_2037_,3.22
_2394_,3.22
_0150_,3.2
_0181_,3.2
_0317_,3.2
_0336_,3.2
_0375_,3.2
_0405_,3.2
_0424_,3.2
_0438_,3.2
_0495_,3.2
_0575_,3.2
_0599_,3.2
_0628_,3.2
_0642_,3.2
_0656_,3.2
_0701_,3.2
_0822_,3.2
_1208_,3.2
_0475_,3.18
_2219_,3.18
_2674_,3.18
_0411_,3.165
_0643_,3.125
_0119_,3.1
_0361_,3.1
_0859_,3.1
_1040_,3.1
_1142_,3.1
_1314_,3.1
_1336_,3.1
_1458_,3.1
_1905_,3.1
_1923_,3.1
_2340_,3.1
_2569_,3.1
_2609_,3.1
_2628_,3.1
_2642_,3.1
_2656_,3.1
_2730_,3.1
_2782_,3.1
_2968_,3.1
tree_instances\[14\].u_tree.pipeline_current_node\[0\]\[0\],3.1
tree_instances\[4\].u_tree.pipeline_current_node\[0\]\[6\],3.1
_0817_,3.095
_0059_,3.08
_0081_,3.08
_0093_,3.08
_0105_,3.08
_0201_,3.08
_0228_,3.08
_0252_,3.08
_0256_,3.08
_0259_,3.08
_0299_,3.08
_0321_,3.08
_0324_,3.08
_0325_,3.08
_0342_,3.08
_0343_,3.08
_0344_,3.08
_0352_,3.08
_0389_,3.08
_0406_,3.08
_0488_,3.08
_0524_,3.08
_0597_,3.08
_0598_,3.08
_0609_,3.08
_0975_,3.08
_1077_,3.08
_1387_,3.08
_1420_,3.08
_1482_,3.08
_1484_,3.08
_1568_,3.08
_1574_,3.08
_1747_,3.08
_1759_,3.08
_1852_,3.08
_1948_,3.08
_1963_,3.08
_1966_,3.08
_1968_,3.08
_2018_,3.08
_2082_,3.08
_2121_,3.08
_2161_,3.08
_2285_,3.08
_2290_,3.08
_2328_,3.08
_2376_,3.08
_2454_,3.08
_2694_,3.08
_2700_,3.08
_2723_,3.08
_2775_,3.08
_2912_,3.08
_2919_,3.08
_3043_,3.08
_3072_,3.08
_3134_,3.08
_3141_,3.08
_3144_,3.08
tree_instances\[17\].u_tree.pipeline_current_node\[0\]\[5\],3.08
tree_instances\[7\].u_tree.pipeline_current_node\[0\]\[4\],3.08
net41,3.08
_0218_,3.045
_0616_,3.045
_0217_,3.005
_0276_,3.005
_0415_,3.005
_0463_,3.005
_0641_,2.98
_0671_,2.98
_0796_,2.98
_1477_,2.98
_1524_,2.98
_1682_,2.98
_1847_,2.98
_1900_,2.98
_2022_,2.98
_2110_,2.98
_2124_,2.98
_2196_,2.98
_2216_,2.98
_2253_,2.98
_2343_,2.98
_2357_,2.98
_2382_,2.98
_2401_,2.98
_2811_,2.98
_2921_,2.98
_3036_,2.98
_3039_,2.98
_3117_,2.98
_2831_,2.97
_0157_,2.96
_0426_,2.96
_0496_,2.96
_0572_,2.96
_0683_,2.96
_0712_,2.96
_0769_,2.96
_0860_,2.96
_0874_,2.96
_1096_,2.96
_1122_,2.96
_1210_,2.96
_1230_,2.96
_1357_,2.96
_1457_,2.96
_1463_,2.96
_1502_,2.96
_1646_,2.96
_1882_,2.96
_1928_,2.96
_1960_,2.96
_1988_,2.96
_2031_,2.96
_2118_,2.96
_2180_,2.96
_2210_,2.96
_2213_,2.96
_2232_,2.96
_2234_,2.96
_2261_,2.96
_2268_,2.96
_2282_,2.96
_2297_,2.96
_2337_,2.96
_2339_,2.96
_2500_,2.96
_2536_,2.96
_2676_,2.96
_2781_,2.96
_2986_,2.96
_3024_,2.96
_3119_,2.96
tree_instances\[11\].u_tree.pipeline_current_node\[0\]\[6\],2.96
tree_instances\[19\].u_tree.pipeline_current_node\[0\]\[6\],2.96
_0161_,2.88
_0248_,2.88
_0591_,2.86
_1032_,2.86
_2191_,2.86
_2312_,2.86
_0104_,2.84
_0122_,2.84
_0349_,2.84
_0364_,2.84
_0373_,2.84
_0422_,2.84
_0445_,2.84
_0514_,2.84
_0691_,2.84
_0782_,2.84
tree_instances\[18\].u_tree.pipeline_current_node\[0\]\[7\],2.84
_0418_,2.835
_0224_,2.785
_0590_,2.785
_0678_,2.785
_0619_,2.765
_0684_,2.765
_1706_,2.76
_2084_,2.76
_2749_,2.76
_3052_,2.76
_0094_,2.74
_0100_,2.74
_0106_,2.74
_0114_,2.74
_0115_,2.74
_0176_,2.74
_0208_,2.74
_0251_,2.74
_0323_,2.74
_0331_,2.74
_0363_,2.74
_0378_,2.74
_0388_,2.74
_0485_,2.74
_0509_,2.74
_0528_,2.74
_0529_,2.74
_0568_,2.74
_0584_,2.74
_0607_,2.74
_0623_,2.74
_0625_,2.74
_0626_,2.74
_0627_,2.74
_2951_,2.74
_0501_,2.72
tree_instances\[4\].u_tree.pipeline_current_node\[0\]\[4\],2.72
_0281_,2.715
_0610_,2.715
_0613_,2.715
_0673_,2.715
_0109_,2.64
_0147_,2.64
_0180_,2.64
_0231_,2.64
_0234_,2.64
_0247_,2.64
_0335_,2.64
_0341_,2.64
_0353_,2.64
_0377_,2.64
_0447_,2.64
_0469_,2.64
_0484_,2.64
_0549_,2.64
_0566_,2.64
_0986_,2.64
_1064_,2.64
_1304_,2.64
_1400_,2.64
_1527_,2.64
_1544_,2.64
_1570_,2.64
_1633_,2.64
_1885_,2.64
_1891_,2.64
_2149_,2.64
_2160_,2.64
_2478_,2.64
_3025_,2.64
_3066_,2.64
_0043_,2.62
_0045_,2.62
_0079_,2.62
_0088_,2.62
_0101_,2.62
_0127_,2.62
_0145_,2.62
_0160_,2.62
_0238_,2.62
_0254_,2.62
_0263_,2.62
_0288_,2.62
_0289_,2.62
_0294_,2.62
_0297_,2.62
_0300_,2.62
_0302_,2.62
_0322_,2.62
_0326_,2.62
_0340_,2.62
_0365_,2.62
_0367_,2.62
_0399_,2.62
_0429_,2.62
_0448_,2.62
_0498_,2.62
_0543_,2.62
_0550_,2.62
_0558_,2.62
_0660_,2.62
_0666_,2.62
_0773_,2.62
_0863_,2.62
_1015_,2.62
_1231_,2.62
_1258_,2.62
_1329_,2.62
_1349_,2.62
_1411_,2.62
_1510_,2.62
_1525_,2.62
_1663_,2.62
_1762_,2.62
_1921_,2.62
_1974_,2.62
_2067_,2.62
_2109_,2.62
_2138_,2.62
_2162_,2.62
_2164_,2.62
_2211_,2.62
_2267_,2.62
_2281_,2.62
_2323_,2.62
_2473_,2.62
_2512_,2.62
_2520_,2.62
_2535_,2.62
_2541_,2.62
_2608_,2.62
_2697_,2.62
_2734_,2.62
_3029_,2.62
tree_instances\[4\].u_tree.pipeline_current_node\[0\]\[3\],2.62
_0274_,2.545
_0279_,2.545
_0462_,2.545
_0595_,2.545
_0301_,2.52
_0500_,2.52
_0706_,2.52
_0772_,2.52
_0775_,2.52
_1012_,2.52
_1151_,2.52
_1211_,2.52
_1324_,2.52
_1341_,2.52
_1446_,2.52
_1485_,2.52
_1486_,2.52
_1506_,2.52
_1560_,2.52
_1565_,2.52
_1674_,2.52
_1740_,2.52
_1861_,2.52
_2016_,2.52
_2052_,2.52
_2068_,2.52
_2086_,2.52
_2229_,2.52
_2237_,2.52
_2248_,2.52
_2294_,2.52
_2318_,2.52
_2336_,2.52
_2407_,2.52
_2415_,2.52
_2429_,2.52
_2563_,2.52
_2688_,2.52
_2883_,2.52
_2974_,2.52
_3065_,2.52
_3128_,2.52
_0200_,2.5
_0261_,2.5
_0262_,2.5
_0449_,2.5
_0559_,2.5
_0741_,2.5
_0787_,2.5
_0816_,2.5
_1078_,2.5
_1091_,2.5
_1110_,2.5
_1118_,2.5
_1138_,2.5
_1152_,2.5
_1213_,2.5
_1236_,2.5
_1253_,2.5
_1267_,2.5
_1292_,2.5
_1296_,2.5
_1321_,2.5
_1333_,2.5
_1373_,2.5
_1456_,2.5
_1487_,2.5
_1500_,2.5
_1536_,2.5
_1572_,2.5
_1653_,2.5
_1655_,2.5
_1741_,2.5
_1768_,2.5
_1776_,2.5
_1980_,2.5
_2032_,2.5
_2050_,2.5
_2072_,2.5
_2139_,2.5
_2270_,2.5
_2286_,2.5
_2433_,2.5
_2444_,2.5
_2618_,2.5
_2649_,2.5
_2661_,2.5
_2751_,2.5
_2822_,2.5
_2833_,2.5
_2904_,2.5
_2924_,2.5
_3019_,2.5
_3091_,2.5
_3139_,2.5
tree_instances\[15\].u_tree.pipeline_current_node\[0\]\[4\],2.5
tree_instances\[19\].u_tree.tree_state\[2\],2.5
net15,2.5
_0226_,2.485
_0307_,2.485
_0677_,2.485
_0581_,2.465
_0636_,2.38
_1766_,2.38
_0310_,2.375
_0412_,2.375
_0589_,2.375
_2651_,2.36
_0001_,2.325
_0413_,2.325
_0461_,2.325
_1160_,2.3
_1181_,2.3
_1205_,2.3
_2298_,2.3
_2507_,2.3
_2660_,2.3
_2718_,2.3
_2793_,2.3
_2886_,2.3
_2911_,2.3
_2923_,2.3
_0125_,2.28
_0131_,2.28
_0159_,2.28
_0203_,2.28
_0230_,2.28
_0235_,2.28
_0272_,2.28
_0337_,2.28
_0368_,2.28
_0371_,2.28
_0395_,2.28
_0400_,2.28
_0420_,2.28
_0437_,2.28
_0473_,2.28
_0479_,2.28
_0486_,2.28
_0499_,2.28
_0534_,2.28
_0565_,2.28
_0577_,2.28
_0586_,2.28
_0603_,2.28
_0604_,2.28
_0632_,2.28
_0665_,2.28
_0718_,2.28
_0739_,2.28
_1202_,2.28
_1239_,2.28
_2041_,2.28
_3068_,2.27
_0250_,2.255
_0116_,2.18
_0117_,2.18
_0118_,2.18
_0132_,2.18
_0134_,2.18
_0137_,2.18
_0139_,2.18
_0143_,2.18
_0146_,2.18
_0152_,2.18
_0154_,2.18
_0158_,2.18
_0173_,2.18
_0175_,2.18
_0178_,2.18
_0179_,2.18
_0209_,2.18
_0210_,2.18
_0211_,2.18
_0212_,2.18
_0213_,2.18
_0240_,2.18
_0242_,2.18
_0249_,2.18
_0257_,2.18
_0266_,2.18
_0268_,2.18
_0284_,2.18
_0295_,2.18
_0304_,2.18
_0350_,2.18
_0359_,2.18
_0385_,2.18
_0402_,2.18
_0432_,2.18
_0522_,2.18
_0526_,2.18
_0635_,2.18
_0651_,2.18
_0655_,2.18
_0667_,2.18
_0686_,2.18
_0774_,2.18
_0864_,2.18
_0921_,2.18
_1007_,2.18
_1095_,2.18
_1275_,2.18
_1278_,2.18
_1286_,2.18
_1315_,2.18
_1356_,2.18
_1362_,2.18
_1412_,2.18
_1454_,2.18
_1680_,2.18
_1782_,2.18
_1981_,2.18
_2163_,2.18
_2174_,2.18
_2479_,2.18
_2496_,2.18
_2560_,2.18
_2640_,2.18
_2796_,2.18
_2907_,2.18
_3049_,2.18
tree_instances\[12\].u_tree.pipeline_current_node\[0\]\[2\],2.18
tree_instances\[17\].u_tree.pipeline_current_node\[0\]\[8\],2.18
_0047_,2.16
_0051_,2.16
_0073_,2.16
_0121_,2.16
_0133_,2.16
_0141_,2.16
_0189_,2.16
_0190_,2.16
_0229_,2.16
_0241_,2.16
_0269_,2.16
_0270_,2.16
_0291_,2.16
_0303_,2.16
_0381_,2.16
_0410_,2.16
_0467_,2.16
_0480_,2.16
_0493_,2.16
_0494_,2.16
_0502_,2.16
_0507_,2.16
_0525_,2.16
_0532_,2.16
_0536_,2.16
_0606_,2.16
_0638_,2.16
_0657_,2.16
_0687_,2.16
_0763_,2.16
_0881_,2.16
_0919_,2.16
_0955_,2.16
_0984_,2.16
_1079_,2.16
_1089_,2.16
_1107_,2.16
_1196_,2.16
_1263_,2.16
_1270_,2.16
_1276_,2.16
_1277_,2.16
_1290_,2.16
_1347_,2.16
_1390_,2.16
_1491_,2.16
_1521_,2.16
_1582_,2.16
_1606_,2.16
_1643_,2.16
_1671_,2.16
_1728_,2.16
_1751_,2.16
_1756_,2.16
_1815_,2.16
_1845_,2.16
_1872_,2.16
_1919_,2.16
_2054_,2.16
_2055_,2.16
_2080_,2.16
_2089_,2.16
_2116_,2.16
_2239_,2.16
_2304_,2.16
_2331_,2.16
_2332_,2.16
_2372_,2.16
_2480_,2.16
_2539_,2.16
_2540_,2.16
_2685_,2.16
_2698_,2.16
_2752_,2.16
_2759_,2.16
_2785_,2.16
_2789_,2.16
_2801_,2.16
_2847_,2.16
_2903_,2.16
_2925_,2.16
_2948_,2.16
_2982_,2.16
_3032_,2.16
_3104_,2.16
_3109_,2.16
tree_instances\[15\].u_tree.pipeline_current_node\[0\]\[0\],2.16
tree_instances\[17\].u_tree.pipeline_current_node\[0\]\[3\],2.16
tree_instances\[3\].u_tree.pipeline_current_node\[0\]\[2\],2.16
_0273_,2.145
_0465_,2.125
_0621_,2.125
_2914_,2.1
_0166_,2.085
_0708_,2.06
_0711_,2.06
_0761_,2.06
_0887_,2.06
_0889_,2.06
_0890_,2.06
_0905_,2.06
_0927_,2.06
_0978_,2.06
_1011_,2.06
_1053_,2.06
_1123_,2.06
_1167_,2.06
_1260_,2.06
_1269_,2.06
_1288_,2.06
_1294_,2.06
_1306_,2.06
_1308_,2.06
_1317_,2.06
_1331_,2.06
_1338_,2.06
_1381_,2.06
_1406_,2.06
_1429_,2.06
_1434_,2.06
_1439_,2.06
_1468_,2.06
_1476_,2.06
_1483_,2.06
_1503_,2.06
_1505_,2.06
_1508_,2.06
_1550_,2.06
_1559_,2.06
_1584_,2.06
_1593_,2.06
_1620_,2.06
_1635_,2.06
_1642_,2.06
_1667_,2.06
_1675_,2.06
_1677_,2.06
_1678_,2.06
_1695_,2.06
_1696_,2.06
_1729_,2.06
_1731_,2.06
_1733_,2.06
_1735_,2.06
_1743_,2.06
_1786_,2.06
_1842_,2.06
_1853_,2.06
_1865_,2.06
_1871_,2.06
_1875_,2.06
_1886_,2.06
_1893_,2.06
_1930_,2.06
_1941_,2.06
_2061_,2.06
_2140_,2.06
_2156_,2.06
_2226_,2.06
_2252_,2.06
_2260_,2.06
_2271_,2.06
_2333_,2.06
_2335_,2.06
_2341_,2.06
_2388_,2.06
_2405_,2.06
_2461_,2.06
_2466_,2.06
_2524_,2.06
_2528_,2.06
_2564_,2.06
_2750_,2.06
_2849_,2.06
_2868_,2.06
_2878_,2.06
_2915_,2.06
_2922_,2.06
_2950_,2.06
_3017_,2.06
_3018_,2.06
_3030_,2.06
_3073_,2.06
_3077_,2.06
_3097_,2.06
_3111_,2.06
tree_instances\[0\].u_tree.pipeline_current_node\[0\]\[1\],2.06
tree_instances\[17\].u_tree.pipeline_current_node\[0\]\[4\],2.06
tree_instances\[4\].u_tree.pipeline_current_node\[0\]\[2\],2.06
tree_instances\[6\].u_tree.pipeline_current_node\[0\]\[1\],2.06
_0723_,2.04
_0790_,2.04
_0794_,2.04
_0906_,2.04
_1044_,2.04
_1244_,2.04
_1268_,2.04
_1310_,2.04
_1320_,2.04
_1402_,2.04
_1410_,2.04
_1453_,2.04
_1519_,2.04
_1583_,2.04
_1603_,2.04
_1664_,2.04
_1670_,2.04
_1715_,2.04
_1720_,2.04
_1773_,2.04
_1833_,2.04
_1964_,2.04
_2208_,2.04
_2209_,2.04
_2224_,2.04
_2225_,2.04
_2250_,2.04
_2371_,2.04
_2397_,2.04
_2421_,2.04
_2459_,2.04
_2917_,2.04
_2953_,2.04
_2955_,2.04
_3089_,2.04
_3095_,2.04
_3120_,2.04
tree_instances\[0\].u_tree.pipeline_current_node\[0\]\[0\],2.04
_0165_,2.025
_0169_,2.025
_0221_,2.025
_0222_,2.025
_0380_,2.025
_0414_,2.025
_0489_,2.025
_0555_,2.025
_0592_,2.025
_0617_,2.025
_0947_,1.94
_2087_,1.94
_2412_,1.94
_2762_,1.94
_2867_,1.94
_3110_,1.94
_2095_,1.93
_0464_,1.915
_1906_,1.88
_0170_,1.865
_0225_,1.865
_0278_,1.865
_0356_,1.865
_0417_,1.865
_0615_,1.865
_0620_,1.865
_0675_,1.865
_0679_,1.865
_0680_,1.865
_0441_,1.845
_0659_,1.845
_0602_,1.84
_0804_,1.84
_1085_,1.84
_1234_,1.84
_1246_,1.84
_2094_,1.84
_2436_,1.84
_2453_,1.84
_2505_,1.84
_2655_,1.84
_2680_,1.84
_2742_,1.84
_2891_,1.84
_2906_,1.84
_2929_,1.84
_3061_,1.84
_3146_,1.84
_0108_,1.82
_0112_,1.82
_0123_,1.82
_0126_,1.82
_0135_,1.82
_0138_,1.82
_0149_,1.82
_0156_,1.82
_0183_,1.82
_0198_,1.82
_0244_,1.82
_0245_,1.82
_0255_,1.82
_0316_,1.82
_0351_,1.82
_0372_,1.82
_0391_,1.82
_0394_,1.82
_0407_,1.82
_0440_,1.82
_0446_,1.82
_0471_,1.82
_0477_,1.82
_0505_,1.82
_0512_,1.82
_0515_,1.82
_0546_,1.82
_0547_,1.82
_0552_,1.82
_0578_,1.82
_0647_,1.82
_0652_,1.82
_0661_,1.82
_0685_,1.82
_0689_,1.82
_0696_,1.82
_2051_,1.82
_2735_,1.82
_3053_,1.82
_3114_,1.82
_0196_,1.745
_0541_,1.745
_0690_,1.745
_0765_,1.72
_1084_,1.72
_1182_,1.72
_1220_,1.72
_1639_,1.72
_1705_,1.72
_1806_,1.72
_2616_,1.72
_2731_,1.72
_2740_,1.72
_2768_,1.72
_2802_,1.72
tree_instances\[0\].u_tree.pipeline_current_node\[0\]\[5\],1.72
tree_instances\[17\].u_tree.pipeline_current_node\[0\]\[0\],1.72
tree_instances\[17\].u_tree.pipeline_current_node\[0\]\[1\],1.72
tree_instances\[18\].u_tree.pipeline_current_node\[0\]\[5\],1.72
tree_instances\[19\].u_tree.pipeline_current_node\[0\]\[2\],1.72
tree_instances\[1\].u_tree.pipeline_current_node\[0\]\[1\],1.72
tree_instances\[2\].u_tree.pipeline_current_node\[0\]\[2\],1.72
tree_instances\[4\].u_tree.pipeline_current_node\[0\]\[1\],1.72
tree_instances\[6\].u_tree.pipeline_current_node\[0\]\[5\],1.72
tree_instances\[7\].u_tree.pipeline_current_node\[0\]\[0\],1.72
_0037_,1.7
_0069_,1.7
_0076_,1.7
_0087_,1.7
_0113_,1.7
_0124_,1.7
_0129_,1.7
_0207_,1.7
_0214_,1.7
_0260_,1.7
_0290_,1.7
_0332_,1.7
_0355_,1.7
_0357_,1.7
_0360_,1.7
_0390_,1.7
_0443_,1.7
_0444_,1.7
_0474_,1.7
_0491_,1.7
_0520_,1.7
_0537_,1.7
_0540_,1.7
_0545_,1.7
_0551_,1.7
_0630_,1.7
_0634_,1.7
_0637_,1.7
_0640_,1.7
_0668_,1.7
_0697_,1.7
_0699_,1.7
_0815_,1.7
_0893_,1.7
_0997_,1.7
_1225_,1.7
_1285_,1.7
_1418_,1.7
_1611_,1.7
_1752_,1.7
_1793_,1.7
_1844_,1.7
_1914_,1.7
_1976_,1.7
_2069_,1.7
_2150_,1.7
_2159_,1.7
_2470_,1.7
_2701_,1.7
_2755_,1.7
_2765_,1.7
_2766_,1.7
_2926_,1.7
_2958_,1.7
_3103_,1.7
net19,1.7
_2809_,1.68
_2981_,1.605
_0749_,1.6
_0784_,1.6
_1102_,1.6
_1130_,1.6
_1311_,1.6
_1318_,1.6
_1334_,1.6
_1378_,1.6
_1419_,1.6
_1427_,1.6
_1452_,1.6
_1466_,1.6
_1467_,1.6
_1478_,1.6
_1529_,1.6
_1605_,1.6
_1632_,1.6
_1644_,1.6
_1645_,1.6
_1707_,1.6
_1771_,1.6
_1787_,1.6
_1838_,1.6
_1889_,1.6
_1938_,1.6
_1965_,1.6
_2021_,1.6
_2023_,1.6
_2024_,1.6
_2073_,1.6
_2141_,1.6
_2153_,1.6
_2279_,1.6
_2306_,1.6
_2547_,1.6
_2587_,1.6
_2590_,1.6
_2592_,1.6
_2769_,1.6
_2871_,1.6
_2877_,1.6
_2978_,1.6
_3070_,1.6
_3131_,1.6
tree_instances\[14\].u_tree.pipeline_current_node\[0\]\[3\],1.6
_0608_,1.545
_1654_,1.48
_2494_,1.48
_2625_,1.48
_2665_,1.48
_0277_,1.405
_0283_,1.405
_0312_,1.405
_0618_,1.405
_0826_,1.38
_1055_,1.38
_1101_,1.38
_1878_,1.38
_1949_,1.38
_1954_,1.38
_1982_,1.38
_1983_,1.38
_2020_,1.38
_2115_,1.38
_2265_,1.38
_2295_,1.38
_2302_,1.38
_2369_,1.38
_2370_,1.38
_2373_,1.38
_2684_,1.38
_2770_,1.38
_2902_,1.38
_2996_,1.38
_3086_,1.38
_3143_,1.38
_3145_,1.38
_0089_,1.36
_0172_,1.36
_0185_,1.36
_0193_,1.36
_0285_,1.36
_0293_,1.36
_0320_,1.36
_0330_,1.36
_0333_,1.36
_0346_,1.36
_0376_,1.36
_0387_,1.36
_0396_,1.36
_0427_,1.36
_0453_,1.36
_0466_,1.36
_0472_,1.36
_0476_,1.36
_0478_,1.36
_0492_,1.36
_0497_,1.36
_0538_,1.36
_0564_,1.36
_0653_,1.36
_0795_,1.26
_0820_,1.26
_0946_,1.26
_1099_,1.26
_1193_,1.26
_1218_,1.26
_1473_,1.26
_1474_,1.26
_2088_,1.26
_2805_,1.26
_2836_,1.26
_2897_,1.26
_0705_,1.14
_0780_,1.14
_0811_,1.14
_0812_,1.14
_0882_,1.14
_0922_,1.14
_0936_,1.14
_0982_,1.14
_0983_,1.14
_1028_,1.14
_1047_,1.14
_1066_,1.14
_1068_,1.14
_1126_,1.14
_1129_,1.14
_1175_,1.14
_1266_,1.14
_1281_,1.14
_1291_,1.14
_1332_,1.14
_1343_,1.14
_1354_,1.14
_1370_,1.14
_1377_,1.14
_1392_,1.14
_1398_,1.14
_1405_,1.14
_1408_,1.14
_1413_,1.14
_1414_,1.14
_1436_,1.14
_1437_,1.14
_1443_,1.14
_1449_,1.14
_1479_,1.14
_1490_,1.14
_1517_,1.14
_1523_,1.14
_1530_,1.14
_1534_,1.14
_1535_,1.14
_1539_,1.14
_1540_,1.14
_1541_,1.14
_1545_,1.14
_1557_,1.14
_1562_,1.14
_1579_,1.14
_1594_,1.14
_1600_,1.14
_1612_,1.14
_1625_,1.14
_1626_,1.14
_1641_,1.14
_1657_,1.14
_1668_,1.14
_1672_,1.14
_1692_,1.14
_1693_,1.14
_1703_,1.14
_1704_,1.14
_1716_,1.14
_1737_,1.14
_1744_,1.14
_1745_,1.14
_1769_,1.14
_1780_,1.14
_1783_,1.14
_1794_,1.14
_1802_,1.14
_1805_,1.14
_1828_,1.14
_1836_,1.14
_1846_,1.14
_1860_,1.14
_1892_,1.14
_1913_,1.14
_1933_,1.14
_2053_,1.14
_2065_,1.14
_2142_,1.14
_2146_,1.14
_2203_,1.14
_2212_,1.14
_2214_,1.14
_2227_,1.14
_2236_,1.14
_2240_,1.14
_2316_,1.14
_2317_,1.14
_2319_,1.14
_2324_,1.14
_2379_,1.14
_2385_,1.14
_2387_,1.14
_2402_,1.14
_2419_,1.14
_2430_,1.14
_2446_,1.14
_2522_,1.14
_2525_,1.14
_2527_,1.14
_2546_,1.14
_2561_,1.14
_2875_,1.14
_2920_,1.14
_2960_,1.14
_2983_,1.14
_3022_,1.14
_3113_,1.14
_3129_,1.14
complete_votes\[4\],1.14
tree_instances\[11\].u_tree.pipeline_current_node\[0\]\[4\],1.14
tree_instances\[13\].u_tree.u_tree_weight_rom.cache_valid,1.14
tree_instances\[7\].u_tree.pipeline_current_node\[0\]\[5\],1.14
tree_instances\[7\].u_tree.pipeline_current_node\[0\]\[6\],1.14
net14,1.14
_0199_,1.085
_0267_,1.085
_2001_,1.02
_0847_,0.92
_0873_,0.92
_0888_,0.92
_0911_,0.92
_1065_,0.92
_1105_,0.92
_1857_,0.92
_1859_,0.92
_2013_,0.92
_2287_,0.92
_2301_,0.92
_2392_,0.92
_2778_,0.92
_3084_,0.92
_0738_,0.8
_0747_,0.8
_0801_,0.8
_1274_,0.8
_1284_,0.8
_1302_,0.8
_1305_,0.8
_1442_,0.8
_1444_,0.8
_1512_,0.8
_1543_,0.8
_1546_,0.8
_1547_,0.8
_1561_,0.8
_1569_,0.8
_1637_,0.8
_1689_,0.8
_1750_,0.8
_1856_,0.8
_1868_,0.8
_1877_,0.8
_2344_,0.8
_2657_,0.8
_3076_,0.8
tree_instances\[11\].u_tree.pipeline_current_node\[0\]\[3\],0.8
tree_instances\[19\].u_tree.pipeline_current_node\[0\]\[3\],0.8
tree_instances\[19\].u_tree.pipeline_current_node\[0\]\[5\],0.8
tree_instances\[1\].u_tree.pipeline_current_node\[0\]\[3\],0.8
tree_instances\[6\].u_tree.pipeline_current_node\[0\]\[2\],0.8
tree_instances\[6\].u_tree.pipeline_current_node\[0\]\[3\],0.8
tree_instances\[6\].u_tree.pipeline_current_node\[0\]\[4\],0.8
tree_instances\[9\].u_tree.pipeline_current_node\[0\]\[6\],0.8
_2391_,0.5
_0762_,0.46
_0995_,0.46
_1869_,0.46
_1873_,0.46
_1951_,0.46
_2113_,0.46
_2207_,0.46
_2390_,0.46
_2395_,0.46
_2503_,0.46
_2638_,0.46
_2682_,0.46
_2710_,0.46
_2725_,0.46
_2841_,0.46
_3048_,0.46
_3094_,0.46
